permutation,model,f1 score,strategy return,period,training months,fast window,slow window,factor,max transaction
DecisionTreeClassifier-p1-tr(8)-sw(1)-lw(24)-fa(0.1)-max(20000),DecisionTreeClassifier,0.46654695699912896,98742.58182239276,1,8,1,24,0.1,20000
DecisionTreeClassifier-p1-tr(8)-sw(1)-lw(24)-fa(0.1)-max(30000),DecisionTreeClassifier,0.5180661522280027,106105.64066563116,1,8,1,24,0.1,30000
DecisionTreeClassifier-p1-tr(8)-sw(1)-lw(24)-fa(0.1)-max(100000),DecisionTreeClassifier,0.49212711929588193,171495.05008371617,1,8,1,24,0.1,100000
DecisionTreeClassifier-p1-tr(8)-sw(1)-lw(24)-fa(0.25)-max(20000),DecisionTreeClassifier,0.4330641671221811,106808.95746710073,1,8,1,24,0.25,20000
DecisionTreeClassifier-p1-tr(8)-sw(1)-lw(24)-fa(0.25)-max(30000),DecisionTreeClassifier,0.6124416037283416,116917.37122984359,1,8,1,24,0.25,30000
DecisionTreeClassifier-p1-tr(8)-sw(1)-lw(24)-fa(0.25)-max(100000),DecisionTreeClassifier,0.5733478002986306,170030.96397725213,1,8,1,24,0.25,100000
DecisionTreeClassifier-p1-tr(8)-sw(1)-lw(24)-fa(0.5)-max(20000),DecisionTreeClassifier,0.6092913298680029,113144.10084815114,1,8,1,24,0.5,20000
DecisionTreeClassifier-p1-tr(8)-sw(1)-lw(24)-fa(0.5)-max(30000),DecisionTreeClassifier,0.565681230014088,116124.21513278873,1,8,1,24,0.5,30000
DecisionTreeClassifier-p1-tr(8)-sw(1)-lw(24)-fa(0.5)-max(100000),DecisionTreeClassifier,0.5843626421145334,177944.92032795114,1,8,1,24,0.5,100000
DecisionTreeClassifier-p1-tr(8)-sw(1)-lw(24)-fa(0.8)-max(20000),DecisionTreeClassifier,0.4657695818255545,109651.14717206033,1,8,1,24,0.8,20000
DecisionTreeClassifier-p1-tr(8)-sw(1)-lw(24)-fa(0.8)-max(30000),DecisionTreeClassifier,0.5257448552002808,129928.74100419605,1,8,1,24,0.8,30000
DecisionTreeClassifier-p1-tr(8)-sw(1)-lw(24)-fa(0.8)-max(100000),DecisionTreeClassifier,0.4553460171141971,149159.09681373724,1,8,1,24,0.8,100000
DecisionTreeClassifier-p1-tr(8)-sw(1)-lw(24)-fa(1)-max(20000),DecisionTreeClassifier,0.47277351950756485,105159.606450718,1,8,1,24,1.0,20000
DecisionTreeClassifier-p1-tr(8)-sw(1)-lw(24)-fa(1)-max(30000),DecisionTreeClassifier,0.3947391326876608,108922.64505021264,1,8,1,24,1.0,30000
DecisionTreeClassifier-p1-tr(8)-sw(1)-lw(24)-fa(1)-max(100000),DecisionTreeClassifier,0.45410235508377716,140756.22531464553,1,8,1,24,1.0,100000
DecisionTreeClassifier-p1-tr(8)-sw(1)-lw(24)-fa(2)-max(20000),DecisionTreeClassifier,-0.17332271672799893,104086.58621545427,1,8,1,24,2.0,20000
DecisionTreeClassifier-p1-tr(8)-sw(1)-lw(24)-fa(2)-max(30000),DecisionTreeClassifier,-0.29425734577156026,102007.44556628437,1,8,1,24,2.0,30000
DecisionTreeClassifier-p1-tr(8)-sw(1)-lw(24)-fa(2)-max(100000),DecisionTreeClassifier,-0.40521278138319294,103225.69598067619,1,8,1,24,2.0,100000
DecisionTreeClassifier-p1-tr(8)-sw(1)-lw(24)-fa(3)-max(20000),DecisionTreeClassifier,-0.7742245731135506,97164.31097273758,1,8,1,24,3.0,20000
DecisionTreeClassifier-p1-tr(8)-sw(1)-lw(24)-fa(3)-max(30000),DecisionTreeClassifier,-0.729334533894332,99140.58924966159,1,8,1,24,3.0,30000
DecisionTreeClassifier-p1-tr(8)-sw(1)-lw(24)-fa(3)-max(100000),DecisionTreeClassifier,-0.7478486393624566,103448.82964487426,1,8,1,24,3.0,100000
DecisionTreeClassifier-p1-tr(8)-sw(1)-lw(42)-fa(0.1)-max(20000),DecisionTreeClassifier,0.5834438912038851,101537.47628811418,1,8,1,42,0.1,20000
DecisionTreeClassifier-p1-tr(8)-sw(1)-lw(42)-fa(0.1)-max(30000),DecisionTreeClassifier,0.39031997778947913,81572.97218968606,1,8,1,42,0.1,30000
DecisionTreeClassifier-p1-tr(8)-sw(1)-lw(42)-fa(0.1)-max(100000),DecisionTreeClassifier,0.472703838024658,158219.32685508247,1,8,1,42,0.1,100000
DecisionTreeClassifier-p1-tr(8)-sw(1)-lw(42)-fa(0.25)-max(20000),DecisionTreeClassifier,0.5647010645853432,100361.8290679718,1,8,1,42,0.25,20000
DecisionTreeClassifier-p1-tr(8)-sw(1)-lw(42)-fa(0.25)-max(30000),DecisionTreeClassifier,0.7121171477517081,116917.07514577755,1,8,1,42,0.25,30000
DecisionTreeClassifier-p1-tr(8)-sw(1)-lw(42)-fa(0.25)-max(100000),DecisionTreeClassifier,0.6495584760181795,191418.1920518534,1,8,1,42,0.25,100000
DecisionTreeClassifier-p1-tr(8)-sw(1)-lw(42)-fa(0.5)-max(20000),DecisionTreeClassifier,0.5166959355718375,107476.35760393005,1,8,1,42,0.5,20000
DecisionTreeClassifier-p1-tr(8)-sw(1)-lw(42)-fa(0.5)-max(30000),DecisionTreeClassifier,0.5831205237657282,120363.5807946005,1,8,1,42,0.5,30000
DecisionTreeClassifier-p1-tr(8)-sw(1)-lw(42)-fa(0.5)-max(100000),DecisionTreeClassifier,0.518438408197363,146521.40577426914,1,8,1,42,0.5,100000
DecisionTreeClassifier-p1-tr(8)-sw(1)-lw(42)-fa(0.8)-max(20000),DecisionTreeClassifier,0.35917017760039527,99430.46105047221,1,8,1,42,0.8,20000
DecisionTreeClassifier-p1-tr(8)-sw(1)-lw(42)-fa(0.8)-max(30000),DecisionTreeClassifier,0.5094759086787348,118356.21828597238,1,8,1,42,0.8,30000
DecisionTreeClassifier-p1-tr(8)-sw(1)-lw(42)-fa(0.8)-max(100000),DecisionTreeClassifier,0.4548555475105025,128067.69140845705,1,8,1,42,0.8,100000
DecisionTreeClassifier-p1-tr(8)-sw(1)-lw(42)-fa(1)-max(20000),DecisionTreeClassifier,0.3723629269814668,105113.8581955471,1,8,1,42,1.0,20000
DecisionTreeClassifier-p1-tr(8)-sw(1)-lw(42)-fa(1)-max(30000),DecisionTreeClassifier,0.27551760969821315,100754.3447314718,1,8,1,42,1.0,30000
DecisionTreeClassifier-p1-tr(8)-sw(1)-lw(42)-fa(1)-max(100000),DecisionTreeClassifier,0.351586855443907,137187.1663410647,1,8,1,42,1.0,100000
DecisionTreeClassifier-p1-tr(8)-sw(1)-lw(42)-fa(2)-max(20000),DecisionTreeClassifier,-0.6117709647306038,96141.00875997078,1,8,1,42,2.0,20000
DecisionTreeClassifier-p1-tr(8)-sw(1)-lw(42)-fa(2)-max(30000),DecisionTreeClassifier,-0.632212596221202,97712.54112274945,1,8,1,42,2.0,30000
DecisionTreeClassifier-p1-tr(8)-sw(1)-lw(42)-fa(2)-max(100000),DecisionTreeClassifier,-0.6321040652746936,104061.97135645385,1,8,1,42,2.0,100000
DecisionTreeClassifier-p1-tr(8)-sw(1)-lw(42)-fa(3)-max(20000),DecisionTreeClassifier,-1.001059342317678,99808.407290255,1,8,1,42,3.0,20000
DecisionTreeClassifier-p1-tr(8)-sw(1)-lw(42)-fa(3)-max(30000),DecisionTreeClassifier,-0.9105217132005126,101699.03958043104,1,8,1,42,3.0,30000
DecisionTreeClassifier-p1-tr(8)-sw(1)-lw(42)-fa(3)-max(100000),DecisionTreeClassifier,-0.8016943776427721,104173.64981177406,1,8,1,42,3.0,100000
DecisionTreeClassifier-p1-tr(8)-sw(1)-lw(60)-fa(0.1)-max(20000),DecisionTreeClassifier,0.5335246181260327,100555.60187718816,1,8,1,60,0.1,20000
DecisionTreeClassifier-p1-tr(8)-sw(1)-lw(60)-fa(0.1)-max(30000),DecisionTreeClassifier,0.5652969621178063,101612.94039259135,1,8,1,60,0.1,30000
DecisionTreeClassifier-p1-tr(8)-sw(1)-lw(60)-fa(0.1)-max(100000),DecisionTreeClassifier,0.5063677664819466,188490.06633504725,1,8,1,60,0.1,100000
DecisionTreeClassifier-p1-tr(8)-sw(1)-lw(60)-fa(0.25)-max(20000),DecisionTreeClassifier,0.6700280374747312,109744.55169861251,1,8,1,60,0.25,20000
DecisionTreeClassifier-p1-tr(8)-sw(1)-lw(60)-fa(0.25)-max(30000),DecisionTreeClassifier,0.6579980410561876,102793.52719410474,1,8,1,60,0.25,30000
DecisionTreeClassifier-p1-tr(8)-sw(1)-lw(60)-fa(0.25)-max(100000),DecisionTreeClassifier,0.6158499610254793,144357.16299154263,1,8,1,60,0.25,100000
DecisionTreeClassifier-p1-tr(8)-sw(1)-lw(60)-fa(0.5)-max(20000),DecisionTreeClassifier,0.5476660908054558,105193.44464187128,1,8,1,60,0.5,20000
DecisionTreeClassifier-p1-tr(8)-sw(1)-lw(60)-fa(0.5)-max(30000),DecisionTreeClassifier,0.6359661249275474,117651.56096987537,1,8,1,60,0.5,30000
DecisionTreeClassifier-p1-tr(8)-sw(1)-lw(60)-fa(0.5)-max(100000),DecisionTreeClassifier,0.6374733706748779,177973.88686478115,1,8,1,60,0.5,100000
DecisionTreeClassifier-p1-tr(8)-sw(1)-lw(60)-fa(0.8)-max(20000),DecisionTreeClassifier,0.557918678713235,109571.62620278432,1,8,1,60,0.8,20000
DecisionTreeClassifier-p1-tr(8)-sw(1)-lw(60)-fa(0.8)-max(30000),DecisionTreeClassifier,0.3332336376713061,104124.9187774486,1,8,1,60,0.8,30000
DecisionTreeClassifier-p1-tr(8)-sw(1)-lw(60)-fa(0.8)-max(100000),DecisionTreeClassifier,0.42192478378715026,150701.87142236036,1,8,1,60,0.8,100000
DecisionTreeClassifier-p1-tr(8)-sw(1)-lw(60)-fa(1)-max(20000),DecisionTreeClassifier,0.36897938850682943,107983.69258379654,1,8,1,60,1.0,20000
DecisionTreeClassifier-p1-tr(8)-sw(1)-lw(60)-fa(1)-max(30000),DecisionTreeClassifier,0.34254404821484985,114660.70077061067,1,8,1,60,1.0,30000
DecisionTreeClassifier-p1-tr(8)-sw(1)-lw(60)-fa(1)-max(100000),DecisionTreeClassifier,0.26189415206333,127446.62731784233,1,8,1,60,1.0,100000
DecisionTreeClassifier-p1-tr(8)-sw(1)-lw(60)-fa(2)-max(20000),DecisionTreeClassifier,-0.5774977829883556,98024.43642133013,1,8,1,60,2.0,20000
DecisionTreeClassifier-p1-tr(8)-sw(1)-lw(60)-fa(2)-max(30000),DecisionTreeClassifier,-0.4886278908505739,100242.94760906752,1,8,1,60,2.0,30000
DecisionTreeClassifier-p1-tr(8)-sw(1)-lw(60)-fa(2)-max(100000),DecisionTreeClassifier,-0.6266702153011681,104710.93244601245,1,8,1,60,2.0,100000
DecisionTreeClassifier-p1-tr(8)-sw(1)-lw(60)-fa(3)-max(20000),DecisionTreeClassifier,-0.8305929351971972,98384.16724778218,1,8,1,60,3.0,20000
DecisionTreeClassifier-p1-tr(8)-sw(1)-lw(60)-fa(3)-max(30000),DecisionTreeClassifier,-0.7731699337302138,96425.12400701825,1,8,1,60,3.0,30000
DecisionTreeClassifier-p1-tr(8)-sw(1)-lw(60)-fa(3)-max(100000),DecisionTreeClassifier,-0.8559175183961512,99607.15079890248,1,8,1,60,3.0,100000
DecisionTreeClassifier-p1-tr(8)-sw(1)-lw(180)-fa(0.1)-max(20000),DecisionTreeClassifier,0.44307669956447504,96214.81220368773,1,8,1,180,0.1,20000
DecisionTreeClassifier-p1-tr(8)-sw(1)-lw(180)-fa(0.1)-max(30000),DecisionTreeClassifier,0.536074012905503,100324.56419815595,1,8,1,180,0.1,30000
DecisionTreeClassifier-p1-tr(8)-sw(1)-lw(180)-fa(0.1)-max(100000),DecisionTreeClassifier,0.5176336647147375,146238.96074058057,1,8,1,180,0.1,100000
DecisionTreeClassifier-p1-tr(8)-sw(1)-lw(180)-fa(0.25)-max(20000),DecisionTreeClassifier,0.45343217529328783,102989.28438308166,1,8,1,180,0.25,20000
DecisionTreeClassifier-p1-tr(8)-sw(1)-lw(180)-fa(0.25)-max(30000),DecisionTreeClassifier,0.5021780506821423,98044.8175535854,1,8,1,180,0.25,30000
DecisionTreeClassifier-p1-tr(8)-sw(1)-lw(180)-fa(0.25)-max(100000),DecisionTreeClassifier,0.6154180770468513,150050.74671719444,1,8,1,180,0.25,100000
DecisionTreeClassifier-p1-tr(8)-sw(1)-lw(180)-fa(0.5)-max(20000),DecisionTreeClassifier,0.5607959160610487,105824.94823279738,1,8,1,180,0.5,20000
DecisionTreeClassifier-p1-tr(8)-sw(1)-lw(180)-fa(0.5)-max(30000),DecisionTreeClassifier,0.502417078947585,108389.95005177078,1,8,1,180,0.5,30000
DecisionTreeClassifier-p1-tr(8)-sw(1)-lw(180)-fa(0.5)-max(100000),DecisionTreeClassifier,0.44064452950148403,147856.49703369563,1,8,1,180,0.5,100000
DecisionTreeClassifier-p1-tr(8)-sw(1)-lw(180)-fa(0.8)-max(20000),DecisionTreeClassifier,0.3056646145156652,111346.59921450476,1,8,1,180,0.8,20000
DecisionTreeClassifier-p1-tr(8)-sw(1)-lw(180)-fa(0.8)-max(30000),DecisionTreeClassifier,0.24863968591972385,104499.70532553054,1,8,1,180,0.8,30000
DecisionTreeClassifier-p1-tr(8)-sw(1)-lw(180)-fa(0.8)-max(100000),DecisionTreeClassifier,0.078148382809893,122081.54550417229,1,8,1,180,0.8,100000
DecisionTreeClassifier-p1-tr(8)-sw(1)-lw(180)-fa(1)-max(20000),DecisionTreeClassifier,0.09101280257569777,98463.18227663853,1,8,1,180,1.0,20000
DecisionTreeClassifier-p1-tr(8)-sw(1)-lw(180)-fa(1)-max(30000),DecisionTreeClassifier,-0.0723963620156538,105776.7940974502,1,8,1,180,1.0,30000
DecisionTreeClassifier-p1-tr(8)-sw(1)-lw(180)-fa(1)-max(100000),DecisionTreeClassifier,0.2250949338338899,130946.44699297748,1,8,1,180,1.0,100000
DecisionTreeClassifier-p1-tr(8)-sw(1)-lw(180)-fa(2)-max(20000),DecisionTreeClassifier,-0.7465177345512826,99977.11044554038,1,8,1,180,2.0,20000
DecisionTreeClassifier-p1-tr(8)-sw(1)-lw(180)-fa(2)-max(30000),DecisionTreeClassifier,-0.8737552121554826,99843.75819965293,1,8,1,180,2.0,30000
DecisionTreeClassifier-p1-tr(8)-sw(1)-lw(180)-fa(2)-max(100000),DecisionTreeClassifier,-0.5812149047569517,100824.83052340269,1,8,1,180,2.0,100000
DecisionTreeClassifier-p1-tr(8)-sw(1)-lw(180)-fa(3)-max(20000),DecisionTreeClassifier,-0.9494225701275933,100971.70006227237,1,8,1,180,3.0,20000
DecisionTreeClassifier-p1-tr(8)-sw(1)-lw(180)-fa(3)-max(30000),DecisionTreeClassifier,-0.9481090852255596,99642.60534085112,1,8,1,180,3.0,30000
DecisionTreeClassifier-p1-tr(8)-sw(1)-lw(180)-fa(3)-max(100000),DecisionTreeClassifier,-0.9437186911331221,100194.49144188443,1,8,1,180,3.0,100000
DecisionTreeClassifier-p1-tr(8)-sw(1)-lw(252)-fa(0.1)-max(20000),DecisionTreeClassifier,0.5452172557298272,95137.5622989074,1,8,1,252,0.1,20000
DecisionTreeClassifier-p1-tr(8)-sw(1)-lw(252)-fa(0.1)-max(30000),DecisionTreeClassifier,0.47729621904070296,98580.44332435157,1,8,1,252,0.1,30000
DecisionTreeClassifier-p1-tr(8)-sw(1)-lw(252)-fa(0.1)-max(100000),DecisionTreeClassifier,0.6472316170180636,125151.48737114632,1,8,1,252,0.1,100000
DecisionTreeClassifier-p1-tr(8)-sw(1)-lw(252)-fa(0.25)-max(20000),DecisionTreeClassifier,0.5507650008681152,104190.21578687755,1,8,1,252,0.25,20000
DecisionTreeClassifier-p1-tr(8)-sw(1)-lw(252)-fa(0.25)-max(30000),DecisionTreeClassifier,0.6673984306909337,118723.26265116132,1,8,1,252,0.25,30000
DecisionTreeClassifier-p1-tr(8)-sw(1)-lw(252)-fa(0.25)-max(100000),DecisionTreeClassifier,0.6413825666419267,156727.05648568942,1,8,1,252,0.25,100000
DecisionTreeClassifier-p1-tr(8)-sw(1)-lw(252)-fa(0.5)-max(20000),DecisionTreeClassifier,0.30369523273380206,98320.14367741882,1,8,1,252,0.5,20000
DecisionTreeClassifier-p1-tr(8)-sw(1)-lw(252)-fa(0.5)-max(30000),DecisionTreeClassifier,0.31555982638094915,101408.6217175242,1,8,1,252,0.5,30000
DecisionTreeClassifier-p1-tr(8)-sw(1)-lw(252)-fa(0.5)-max(100000),DecisionTreeClassifier,0.3179975808366342,127550.65324649664,1,8,1,252,0.5,100000
DecisionTreeClassifier-p1-tr(8)-sw(1)-lw(252)-fa(0.8)-max(20000),DecisionTreeClassifier,0.27331605055145225,101644.10857208294,1,8,1,252,0.8,20000
DecisionTreeClassifier-p1-tr(8)-sw(1)-lw(252)-fa(0.8)-max(30000),DecisionTreeClassifier,0.1633457115731023,109006.12197932923,1,8,1,252,0.8,30000
DecisionTreeClassifier-p1-tr(8)-sw(1)-lw(252)-fa(0.8)-max(100000),DecisionTreeClassifier,0.16582746190553688,119281.79150115555,1,8,1,252,0.8,100000
DecisionTreeClassifier-p1-tr(8)-sw(1)-lw(252)-fa(1)-max(20000),DecisionTreeClassifier,-0.09823498916310003,98806.2362023464,1,8,1,252,1.0,20000
DecisionTreeClassifier-p1-tr(8)-sw(1)-lw(252)-fa(1)-max(30000),DecisionTreeClassifier,0.043348324084857115,107058.59888729712,1,8,1,252,1.0,30000
DecisionTreeClassifier-p1-tr(8)-sw(1)-lw(252)-fa(1)-max(100000),DecisionTreeClassifier,-0.06794053968168967,111521.36622722728,1,8,1,252,1.0,100000
DecisionTreeClassifier-p1-tr(8)-sw(1)-lw(252)-fa(2)-max(20000),DecisionTreeClassifier,-0.498400616622122,101277.20111184428,1,8,1,252,2.0,20000
DecisionTreeClassifier-p1-tr(8)-sw(1)-lw(252)-fa(2)-max(30000),DecisionTreeClassifier,-0.46922066633651194,101118.89264119924,1,8,1,252,2.0,30000
DecisionTreeClassifier-p1-tr(8)-sw(1)-lw(252)-fa(2)-max(100000),DecisionTreeClassifier,-0.5557641801157442,101960.39625585242,1,8,1,252,2.0,100000
DecisionTreeClassifier-p1-tr(8)-sw(1)-lw(252)-fa(3)-max(20000),DecisionTreeClassifier,-0.8791325152028457,99252.54817747574,1,8,1,252,3.0,20000
DecisionTreeClassifier-p1-tr(8)-sw(1)-lw(252)-fa(3)-max(30000),DecisionTreeClassifier,-0.9485655176003718,98105.51506582095,1,8,1,252,3.0,30000
DecisionTreeClassifier-p1-tr(8)-sw(1)-lw(252)-fa(3)-max(100000),DecisionTreeClassifier,-0.9326625972836817,98110.34113581311,1,8,1,252,3.0,100000
DecisionTreeClassifier-p1-tr(8)-sw(2)-lw(24)-fa(0.1)-max(20000),DecisionTreeClassifier,0.47820653213733,109606.08624760105,1,8,2,24,0.1,20000
DecisionTreeClassifier-p1-tr(8)-sw(2)-lw(24)-fa(0.1)-max(30000),DecisionTreeClassifier,0.4491873097604767,107360.49498870713,1,8,2,24,0.1,30000
DecisionTreeClassifier-p1-tr(8)-sw(2)-lw(24)-fa(0.1)-max(100000),DecisionTreeClassifier,0.37612269643219354,146803.9445335936,1,8,2,24,0.1,100000
DecisionTreeClassifier-p1-tr(8)-sw(2)-lw(24)-fa(0.25)-max(20000),DecisionTreeClassifier,0.4599275321693861,106619.21590149627,1,8,2,24,0.25,20000
DecisionTreeClassifier-p1-tr(8)-sw(2)-lw(24)-fa(0.25)-max(30000),DecisionTreeClassifier,0.5699886742938007,98873.17664892552,1,8,2,24,0.25,30000
DecisionTreeClassifier-p1-tr(8)-sw(2)-lw(24)-fa(0.25)-max(100000),DecisionTreeClassifier,0.6283849148346161,157880.7794927972,1,8,2,24,0.25,100000
DecisionTreeClassifier-p1-tr(8)-sw(2)-lw(24)-fa(0.5)-max(20000),DecisionTreeClassifier,0.5289867404148824,100221.72195441663,1,8,2,24,0.5,20000
DecisionTreeClassifier-p1-tr(8)-sw(2)-lw(24)-fa(0.5)-max(30000),DecisionTreeClassifier,0.6601314215134123,106255.40446546953,1,8,2,24,0.5,30000
DecisionTreeClassifier-p1-tr(8)-sw(2)-lw(24)-fa(0.5)-max(100000),DecisionTreeClassifier,0.5659610706095076,168110.74482007907,1,8,2,24,0.5,100000
DecisionTreeClassifier-p1-tr(8)-sw(2)-lw(24)-fa(0.8)-max(20000),DecisionTreeClassifier,0.4281273999487807,110019.16535063965,1,8,2,24,0.8,20000
DecisionTreeClassifier-p1-tr(8)-sw(2)-lw(24)-fa(0.8)-max(30000),DecisionTreeClassifier,0.43133098557930893,116302.70373274603,1,8,2,24,0.8,30000
DecisionTreeClassifier-p1-tr(8)-sw(2)-lw(24)-fa(0.8)-max(100000),DecisionTreeClassifier,0.5488862198442049,156006.6547714605,1,8,2,24,0.8,100000
DecisionTreeClassifier-p1-tr(8)-sw(2)-lw(24)-fa(1)-max(20000),DecisionTreeClassifier,0.3554304041656471,101023.86992855585,1,8,2,24,1.0,20000
DecisionTreeClassifier-p1-tr(8)-sw(2)-lw(24)-fa(1)-max(30000),DecisionTreeClassifier,0.416564403508322,112954.30369835225,1,8,2,24,1.0,30000
DecisionTreeClassifier-p1-tr(8)-sw(2)-lw(24)-fa(1)-max(100000),DecisionTreeClassifier,0.367882983508511,150806.18248346762,1,8,2,24,1.0,100000
DecisionTreeClassifier-p1-tr(8)-sw(2)-lw(24)-fa(2)-max(20000),DecisionTreeClassifier,-0.38478015853610126,100414.44808247453,1,8,2,24,2.0,20000
DecisionTreeClassifier-p1-tr(8)-sw(2)-lw(24)-fa(2)-max(30000),DecisionTreeClassifier,-0.3009669436214104,98240.43624886981,1,8,2,24,2.0,30000
DecisionTreeClassifier-p1-tr(8)-sw(2)-lw(24)-fa(2)-max(100000),DecisionTreeClassifier,-0.16311251774721836,111311.4904314917,1,8,2,24,2.0,100000
DecisionTreeClassifier-p1-tr(8)-sw(2)-lw(24)-fa(3)-max(20000),DecisionTreeClassifier,-0.6886629088576797,97354.41172264988,1,8,2,24,3.0,20000
DecisionTreeClassifier-p1-tr(8)-sw(2)-lw(24)-fa(3)-max(30000),DecisionTreeClassifier,-0.7030971502228665,98328.79770152888,1,8,2,24,3.0,30000
DecisionTreeClassifier-p1-tr(8)-sw(2)-lw(24)-fa(3)-max(100000),DecisionTreeClassifier,-0.6199346572845248,102819.65739169162,1,8,2,24,3.0,100000
DecisionTreeClassifier-p1-tr(8)-sw(2)-lw(42)-fa(0.1)-max(20000),DecisionTreeClassifier,0.30352214964146995,96587.5016486958,1,8,2,42,0.1,20000
DecisionTreeClassifier-p1-tr(8)-sw(2)-lw(42)-fa(0.1)-max(30000),DecisionTreeClassifier,0.47707103303113785,104823.74858143993,1,8,2,42,0.1,30000
DecisionTreeClassifier-p1-tr(8)-sw(2)-lw(42)-fa(0.1)-max(100000),DecisionTreeClassifier,0.4772211932321855,142464.39497240243,1,8,2,42,0.1,100000
DecisionTreeClassifier-p1-tr(8)-sw(2)-lw(42)-fa(0.25)-max(20000),DecisionTreeClassifier,0.6203489687196548,114153.8990761314,1,8,2,42,0.25,20000
DecisionTreeClassifier-p1-tr(8)-sw(2)-lw(42)-fa(0.25)-max(30000),DecisionTreeClassifier,0.451605637225433,92515.05398335897,1,8,2,42,0.25,30000
DecisionTreeClassifier-p1-tr(8)-sw(2)-lw(42)-fa(0.25)-max(100000),DecisionTreeClassifier,0.6455438012992769,173935.87550975982,1,8,2,42,0.25,100000
DecisionTreeClassifier-p1-tr(8)-sw(2)-lw(42)-fa(0.5)-max(20000),DecisionTreeClassifier,0.6568527018268058,108196.10179749288,1,8,2,42,0.5,20000
DecisionTreeClassifier-p1-tr(8)-sw(2)-lw(42)-fa(0.5)-max(30000),DecisionTreeClassifier,0.5514403023355771,102507.96090628771,1,8,2,42,0.5,30000
DecisionTreeClassifier-p1-tr(8)-sw(2)-lw(42)-fa(0.5)-max(100000),DecisionTreeClassifier,0.6954365251991993,185052.2710484109,1,8,2,42,0.5,100000
DecisionTreeClassifier-p1-tr(8)-sw(2)-lw(42)-fa(0.8)-max(20000),DecisionTreeClassifier,0.4760629541787451,107118.95075931124,1,8,2,42,0.8,20000
DecisionTreeClassifier-p1-tr(8)-sw(2)-lw(42)-fa(0.8)-max(30000),DecisionTreeClassifier,0.5081581521085607,110955.35782271708,1,8,2,42,0.8,30000
DecisionTreeClassifier-p1-tr(8)-sw(2)-lw(42)-fa(0.8)-max(100000),DecisionTreeClassifier,0.40367444041532374,144493.99372576908,1,8,2,42,0.8,100000
DecisionTreeClassifier-p1-tr(8)-sw(2)-lw(42)-fa(1)-max(20000),DecisionTreeClassifier,0.23921420698595863,93115.22640762769,1,8,2,42,1.0,20000
DecisionTreeClassifier-p1-tr(8)-sw(2)-lw(42)-fa(1)-max(30000),DecisionTreeClassifier,0.39616980442454175,102130.95914065914,1,8,2,42,1.0,30000
DecisionTreeClassifier-p1-tr(8)-sw(2)-lw(42)-fa(1)-max(100000),DecisionTreeClassifier,0.41378184742255675,139029.40738205553,1,8,2,42,1.0,100000
DecisionTreeClassifier-p1-tr(8)-sw(2)-lw(42)-fa(2)-max(20000),DecisionTreeClassifier,-0.6051847315473804,96547.00854901454,1,8,2,42,2.0,20000
DecisionTreeClassifier-p1-tr(8)-sw(2)-lw(42)-fa(2)-max(30000),DecisionTreeClassifier,-0.643864516181047,92234.5424789691,1,8,2,42,2.0,30000
DecisionTreeClassifier-p1-tr(8)-sw(2)-lw(42)-fa(2)-max(100000),DecisionTreeClassifier,-0.6563173466967174,96882.87268558252,1,8,2,42,2.0,100000
DecisionTreeClassifier-p1-tr(8)-sw(2)-lw(42)-fa(3)-max(20000),DecisionTreeClassifier,-0.9055476396688,99377.00763671206,1,8,2,42,3.0,20000
DecisionTreeClassifier-p1-tr(8)-sw(2)-lw(42)-fa(3)-max(30000),DecisionTreeClassifier,-0.9262982202337218,100737.60151461314,1,8,2,42,3.0,30000
DecisionTreeClassifier-p1-tr(8)-sw(2)-lw(42)-fa(3)-max(100000),DecisionTreeClassifier,-0.8790776984482425,99953.09945517934,1,8,2,42,3.0,100000
DecisionTreeClassifier-p1-tr(8)-sw(2)-lw(60)-fa(0.1)-max(20000),DecisionTreeClassifier,0.41640114243534987,100605.04968046039,1,8,2,60,0.1,20000
DecisionTreeClassifier-p1-tr(8)-sw(2)-lw(60)-fa(0.1)-max(30000),DecisionTreeClassifier,0.4019018791065657,92273.07664706901,1,8,2,60,0.1,30000
DecisionTreeClassifier-p1-tr(8)-sw(2)-lw(60)-fa(0.1)-max(100000),DecisionTreeClassifier,0.6162514732878831,185115.23631879644,1,8,2,60,0.1,100000
DecisionTreeClassifier-p1-tr(8)-sw(2)-lw(60)-fa(0.25)-max(20000),DecisionTreeClassifier,0.5558554124393293,103640.31787361285,1,8,2,60,0.25,20000
DecisionTreeClassifier-p1-tr(8)-sw(2)-lw(60)-fa(0.25)-max(30000),DecisionTreeClassifier,0.5638354523956892,116617.29486127332,1,8,2,60,0.25,30000
DecisionTreeClassifier-p1-tr(8)-sw(2)-lw(60)-fa(0.25)-max(100000),DecisionTreeClassifier,0.6472458711499431,169678.79037688876,1,8,2,60,0.25,100000
DecisionTreeClassifier-p1-tr(8)-sw(2)-lw(60)-fa(0.5)-max(20000),DecisionTreeClassifier,0.6439948323709035,106336.64357323974,1,8,2,60,0.5,20000
DecisionTreeClassifier-p1-tr(8)-sw(2)-lw(60)-fa(0.5)-max(30000),DecisionTreeClassifier,0.5124905463533358,113800.06329256136,1,8,2,60,0.5,30000
DecisionTreeClassifier-p1-tr(8)-sw(2)-lw(60)-fa(0.5)-max(100000),DecisionTreeClassifier,0.649017097594318,179433.60674252274,1,8,2,60,0.5,100000
DecisionTreeClassifier-p1-tr(8)-sw(2)-lw(60)-fa(0.8)-max(20000),DecisionTreeClassifier,0.3771384071392432,102580.15281361285,1,8,2,60,0.8,20000
DecisionTreeClassifier-p1-tr(8)-sw(2)-lw(60)-fa(0.8)-max(30000),DecisionTreeClassifier,0.4037005194794203,112989.48051955127,1,8,2,60,0.8,30000
DecisionTreeClassifier-p1-tr(8)-sw(2)-lw(60)-fa(0.8)-max(100000),DecisionTreeClassifier,0.28894537584656566,126600.09228418538,1,8,2,60,0.8,100000
DecisionTreeClassifier-p1-tr(8)-sw(2)-lw(60)-fa(1)-max(20000),DecisionTreeClassifier,0.23003737917544276,111166.59734085364,1,8,2,60,1.0,20000
DecisionTreeClassifier-p1-tr(8)-sw(2)-lw(60)-fa(1)-max(30000),DecisionTreeClassifier,0.1576568455375379,105316.76369096944,1,8,2,60,1.0,30000
DecisionTreeClassifier-p1-tr(8)-sw(2)-lw(60)-fa(1)-max(100000),DecisionTreeClassifier,0.33914454610357003,156805.45911607007,1,8,2,60,1.0,100000
DecisionTreeClassifier-p1-tr(8)-sw(2)-lw(60)-fa(2)-max(20000),DecisionTreeClassifier,-0.5440290203821185,98206.49622577922,1,8,2,60,2.0,20000
DecisionTreeClassifier-p1-tr(8)-sw(2)-lw(60)-fa(2)-max(30000),DecisionTreeClassifier,-0.5332984703190657,98402.50421528087,1,8,2,60,2.0,30000
DecisionTreeClassifier-p1-tr(8)-sw(2)-lw(60)-fa(2)-max(100000),DecisionTreeClassifier,-0.5746475673019318,106232.06305112616,1,8,2,60,2.0,100000
DecisionTreeClassifier-p1-tr(8)-sw(2)-lw(60)-fa(3)-max(20000),DecisionTreeClassifier,-0.8367179181474675,96813.83169703993,1,8,2,60,3.0,20000
DecisionTreeClassifier-p1-tr(8)-sw(2)-lw(60)-fa(3)-max(30000),DecisionTreeClassifier,-0.7899641237057788,96942.03674756235,1,8,2,60,3.0,30000
DecisionTreeClassifier-p1-tr(8)-sw(2)-lw(60)-fa(3)-max(100000),DecisionTreeClassifier,-0.8489125417396006,95190.46928571527,1,8,2,60,3.0,100000
DecisionTreeClassifier-p1-tr(8)-sw(2)-lw(180)-fa(0.1)-max(20000),DecisionTreeClassifier,0.48390418311456174,93873.918635129,1,8,2,180,0.1,20000
DecisionTreeClassifier-p1-tr(8)-sw(2)-lw(180)-fa(0.1)-max(30000),DecisionTreeClassifier,0.5394453600314875,101742.05725551817,1,8,2,180,0.1,30000
DecisionTreeClassifier-p1-tr(8)-sw(2)-lw(180)-fa(0.1)-max(100000),DecisionTreeClassifier,0.5253055031660134,132686.0251637295,1,8,2,180,0.1,100000
DecisionTreeClassifier-p1-tr(8)-sw(2)-lw(180)-fa(0.25)-max(20000),DecisionTreeClassifier,0.4289839145516803,101115.23041698287,1,8,2,180,0.25,20000
DecisionTreeClassifier-p1-tr(8)-sw(2)-lw(180)-fa(0.25)-max(30000),DecisionTreeClassifier,0.4927118237740231,106424.17178353551,1,8,2,180,0.25,30000
DecisionTreeClassifier-p1-tr(8)-sw(2)-lw(180)-fa(0.25)-max(100000),DecisionTreeClassifier,0.5889571137128358,153009.90957161563,1,8,2,180,0.25,100000
DecisionTreeClassifier-p1-tr(8)-sw(2)-lw(180)-fa(0.5)-max(20000),DecisionTreeClassifier,0.5171063922072208,113396.69058394014,1,8,2,180,0.5,20000
DecisionTreeClassifier-p1-tr(8)-sw(2)-lw(180)-fa(0.5)-max(30000),DecisionTreeClassifier,0.29359325225353805,108264.3893096938,1,8,2,180,0.5,30000
DecisionTreeClassifier-p1-tr(8)-sw(2)-lw(180)-fa(0.5)-max(100000),DecisionTreeClassifier,0.38026928616522293,133180.25758037216,1,8,2,180,0.5,100000
DecisionTreeClassifier-p1-tr(8)-sw(2)-lw(180)-fa(0.8)-max(20000),DecisionTreeClassifier,0.3019520072524666,103683.3229168706,1,8,2,180,0.8,20000
DecisionTreeClassifier-p1-tr(8)-sw(2)-lw(180)-fa(0.8)-max(30000),DecisionTreeClassifier,0.2327079868619426,105097.7494412591,1,8,2,180,0.8,30000
DecisionTreeClassifier-p1-tr(8)-sw(2)-lw(180)-fa(0.8)-max(100000),DecisionTreeClassifier,0.35250270073106993,141129.576812223,1,8,2,180,0.8,100000
DecisionTreeClassifier-p1-tr(8)-sw(2)-lw(180)-fa(1)-max(20000),DecisionTreeClassifier,0.027030503420142793,106186.15204278134,1,8,2,180,1.0,20000
DecisionTreeClassifier-p1-tr(8)-sw(2)-lw(180)-fa(1)-max(30000),DecisionTreeClassifier,-0.01989884226482541,106323.76335770803,1,8,2,180,1.0,30000
DecisionTreeClassifier-p1-tr(8)-sw(2)-lw(180)-fa(1)-max(100000),DecisionTreeClassifier,0.057614477943244924,124242.47655178262,1,8,2,180,1.0,100000
DecisionTreeClassifier-p1-tr(8)-sw(2)-lw(180)-fa(2)-max(20000),DecisionTreeClassifier,-0.7900562496052821,99138.7024065115,1,8,2,180,2.0,20000
DecisionTreeClassifier-p1-tr(8)-sw(2)-lw(180)-fa(2)-max(30000),DecisionTreeClassifier,-0.674695004501223,100556.39913547534,1,8,2,180,2.0,30000
DecisionTreeClassifier-p1-tr(8)-sw(2)-lw(180)-fa(2)-max(100000),DecisionTreeClassifier,-0.4670562945411805,103938.53348146548,1,8,2,180,2.0,100000
DecisionTreeClassifier-p1-tr(8)-sw(2)-lw(180)-fa(3)-max(20000),DecisionTreeClassifier,-0.6372063284384946,100785.47067425965,1,8,2,180,3.0,20000
DecisionTreeClassifier-p1-tr(8)-sw(2)-lw(180)-fa(3)-max(30000),DecisionTreeClassifier,-0.9518665794218832,99574.28908700458,1,8,2,180,3.0,30000
DecisionTreeClassifier-p1-tr(8)-sw(2)-lw(180)-fa(3)-max(100000),DecisionTreeClassifier,-0.948107127159445,99220.9270034465,1,8,2,180,3.0,100000
DecisionTreeClassifier-p1-tr(8)-sw(2)-lw(252)-fa(0.1)-max(20000),DecisionTreeClassifier,0.5129520176765946,100060.30562360917,1,8,2,252,0.1,20000
DecisionTreeClassifier-p1-tr(8)-sw(2)-lw(252)-fa(0.1)-max(30000),DecisionTreeClassifier,0.4829983353737629,89413.87047540143,1,8,2,252,0.1,30000
DecisionTreeClassifier-p1-tr(8)-sw(2)-lw(252)-fa(0.1)-max(100000),DecisionTreeClassifier,0.5446893995176751,121982.75020200624,1,8,2,252,0.1,100000
DecisionTreeClassifier-p1-tr(8)-sw(2)-lw(252)-fa(0.25)-max(20000),DecisionTreeClassifier,0.5677654645616672,106232.88229040732,1,8,2,252,0.25,20000
DecisionTreeClassifier-p1-tr(8)-sw(2)-lw(252)-fa(0.25)-max(30000),DecisionTreeClassifier,0.5359348474279204,99770.8034619462,1,8,2,252,0.25,30000
DecisionTreeClassifier-p1-tr(8)-sw(2)-lw(252)-fa(0.25)-max(100000),DecisionTreeClassifier,0.641255047050375,169186.3215761166,1,8,2,252,0.25,100000
DecisionTreeClassifier-p1-tr(8)-sw(2)-lw(252)-fa(0.5)-max(20000),DecisionTreeClassifier,0.31590362153413953,100066.22345145183,1,8,2,252,0.5,20000
DecisionTreeClassifier-p1-tr(8)-sw(2)-lw(252)-fa(0.5)-max(30000),DecisionTreeClassifier,0.2640732801482022,100436.07873677899,1,8,2,252,0.5,30000
DecisionTreeClassifier-p1-tr(8)-sw(2)-lw(252)-fa(0.5)-max(100000),DecisionTreeClassifier,0.49350520321787883,152532.38784348877,1,8,2,252,0.5,100000
DecisionTreeClassifier-p1-tr(8)-sw(2)-lw(252)-fa(0.8)-max(20000),DecisionTreeClassifier,0.1617546788703439,98081.75833141358,1,8,2,252,0.8,20000
DecisionTreeClassifier-p1-tr(8)-sw(2)-lw(252)-fa(0.8)-max(30000),DecisionTreeClassifier,0.2028235092654509,108968.8609647985,1,8,2,252,0.8,30000
DecisionTreeClassifier-p1-tr(8)-sw(2)-lw(252)-fa(0.8)-max(100000),DecisionTreeClassifier,0.10962844834052898,107471.71808325645,1,8,2,252,0.8,100000
DecisionTreeClassifier-p1-tr(8)-sw(2)-lw(252)-fa(1)-max(20000),DecisionTreeClassifier,-0.009762796610656821,104921.5720651891,1,8,2,252,1.0,20000
DecisionTreeClassifier-p1-tr(8)-sw(2)-lw(252)-fa(1)-max(30000),DecisionTreeClassifier,0.07937626239388618,104155.3637508086,1,8,2,252,1.0,30000
DecisionTreeClassifier-p1-tr(8)-sw(2)-lw(252)-fa(1)-max(100000),DecisionTreeClassifier,-0.012963858812071738,112243.25668853716,1,8,2,252,1.0,100000
DecisionTreeClassifier-p1-tr(8)-sw(2)-lw(252)-fa(2)-max(20000),DecisionTreeClassifier,-0.5556755153557034,101890.7261107777,1,8,2,252,2.0,20000
DecisionTreeClassifier-p1-tr(8)-sw(2)-lw(252)-fa(2)-max(30000),DecisionTreeClassifier,-0.5497104112438294,102341.83978901219,1,8,2,252,2.0,30000
DecisionTreeClassifier-p1-tr(8)-sw(2)-lw(252)-fa(2)-max(100000),DecisionTreeClassifier,-0.7515295367202723,106647.95441535328,1,8,2,252,2.0,100000
DecisionTreeClassifier-p1-tr(8)-sw(2)-lw(252)-fa(3)-max(20000),DecisionTreeClassifier,-0.9936574335474189,101491.75337305827,1,8,2,252,3.0,20000
DecisionTreeClassifier-p1-tr(8)-sw(2)-lw(252)-fa(3)-max(30000),DecisionTreeClassifier,-0.9193171014587516,100719.70128517154,1,8,2,252,3.0,30000
DecisionTreeClassifier-p1-tr(8)-sw(2)-lw(252)-fa(3)-max(100000),DecisionTreeClassifier,-0.9326576390135934,97755.25650653846,1,8,2,252,3.0,100000
DecisionTreeClassifier-p1-tr(8)-sw(3)-lw(24)-fa(0.1)-max(20000),DecisionTreeClassifier,0.4001060061840451,95486.8921073802,1,8,3,24,0.1,20000
DecisionTreeClassifier-p1-tr(8)-sw(3)-lw(24)-fa(0.1)-max(30000),DecisionTreeClassifier,0.5302166996118687,113198.1483506322,1,8,3,24,0.1,30000
DecisionTreeClassifier-p1-tr(8)-sw(3)-lw(24)-fa(0.1)-max(100000),DecisionTreeClassifier,0.4139736530782545,136390.67096500847,1,8,3,24,0.1,100000
DecisionTreeClassifier-p1-tr(8)-sw(3)-lw(24)-fa(0.25)-max(20000),DecisionTreeClassifier,0.6176086506093603,115718.73743749372,1,8,3,24,0.25,20000
DecisionTreeClassifier-p1-tr(8)-sw(3)-lw(24)-fa(0.25)-max(30000),DecisionTreeClassifier,0.6013666182475288,120656.79341802857,1,8,3,24,0.25,30000
DecisionTreeClassifier-p1-tr(8)-sw(3)-lw(24)-fa(0.25)-max(100000),DecisionTreeClassifier,0.5735678547599193,150439.05198263552,1,8,3,24,0.25,100000
DecisionTreeClassifier-p1-tr(8)-sw(3)-lw(24)-fa(0.5)-max(20000),DecisionTreeClassifier,0.6800404320926756,108423.05960894405,1,8,3,24,0.5,20000
DecisionTreeClassifier-p1-tr(8)-sw(3)-lw(24)-fa(0.5)-max(30000),DecisionTreeClassifier,0.6671433189349271,129420.20187462156,1,8,3,24,0.5,30000
DecisionTreeClassifier-p1-tr(8)-sw(3)-lw(24)-fa(0.5)-max(100000),DecisionTreeClassifier,0.6246802675363459,175234.0371349688,1,8,3,24,0.5,100000
DecisionTreeClassifier-p1-tr(8)-sw(3)-lw(24)-fa(0.8)-max(20000),DecisionTreeClassifier,0.46349348217558484,113258.2068081695,1,8,3,24,0.8,20000
DecisionTreeClassifier-p1-tr(8)-sw(3)-lw(24)-fa(0.8)-max(30000),DecisionTreeClassifier,0.5213085008480502,114693.81166743222,1,8,3,24,0.8,30000
DecisionTreeClassifier-p1-tr(8)-sw(3)-lw(24)-fa(0.8)-max(100000),DecisionTreeClassifier,0.40729691639523613,141644.5755950954,1,8,3,24,0.8,100000
DecisionTreeClassifier-p1-tr(8)-sw(3)-lw(24)-fa(1)-max(20000),DecisionTreeClassifier,0.5087304436918761,111623.42431910272,1,8,3,24,1.0,20000
DecisionTreeClassifier-p1-tr(8)-sw(3)-lw(24)-fa(1)-max(30000),DecisionTreeClassifier,0.39214432042906866,108962.65861508739,1,8,3,24,1.0,30000
DecisionTreeClassifier-p1-tr(8)-sw(3)-lw(24)-fa(1)-max(100000),DecisionTreeClassifier,0.42421594585196065,155472.7071054741,1,8,3,24,1.0,100000
DecisionTreeClassifier-p1-tr(8)-sw(3)-lw(24)-fa(2)-max(20000),DecisionTreeClassifier,-0.2468635169940101,102025.23630157509,1,8,3,24,2.0,20000
DecisionTreeClassifier-p1-tr(8)-sw(3)-lw(24)-fa(2)-max(30000),DecisionTreeClassifier,-0.3091423645226503,100301.83776094668,1,8,3,24,2.0,30000
DecisionTreeClassifier-p1-tr(8)-sw(3)-lw(24)-fa(2)-max(100000),DecisionTreeClassifier,-0.21425885585387316,115434.54113857367,1,8,3,24,2.0,100000
DecisionTreeClassifier-p1-tr(8)-sw(3)-lw(24)-fa(3)-max(20000),DecisionTreeClassifier,-0.7505751572452124,97463.28964136093,1,8,3,24,3.0,20000
DecisionTreeClassifier-p1-tr(8)-sw(3)-lw(24)-fa(3)-max(30000),DecisionTreeClassifier,-0.7557586063840258,97189.22565680259,1,8,3,24,3.0,30000
DecisionTreeClassifier-p1-tr(8)-sw(3)-lw(24)-fa(3)-max(100000),DecisionTreeClassifier,-0.7452379251731647,101233.26536666478,1,8,3,24,3.0,100000
DecisionTreeClassifier-p1-tr(8)-sw(3)-lw(42)-fa(0.1)-max(20000),DecisionTreeClassifier,0.4767057676171029,97673.47465452549,1,8,3,42,0.1,20000
DecisionTreeClassifier-p1-tr(8)-sw(3)-lw(42)-fa(0.1)-max(30000),DecisionTreeClassifier,0.4485679279900108,106494.2999364631,1,8,3,42,0.1,30000
DecisionTreeClassifier-p1-tr(8)-sw(3)-lw(42)-fa(0.1)-max(100000),DecisionTreeClassifier,0.4950130220357618,173849.2538860575,1,8,3,42,0.1,100000
DecisionTreeClassifier-p1-tr(8)-sw(3)-lw(42)-fa(0.25)-max(20000),DecisionTreeClassifier,0.6683489479170592,110371.32647533974,1,8,3,42,0.25,20000
DecisionTreeClassifier-p1-tr(8)-sw(3)-lw(42)-fa(0.25)-max(30000),DecisionTreeClassifier,0.6521673834286001,110686.64921890575,1,8,3,42,0.25,30000
DecisionTreeClassifier-p1-tr(8)-sw(3)-lw(42)-fa(0.25)-max(100000),DecisionTreeClassifier,0.6105202237962584,169382.13764947504,1,8,3,42,0.25,100000
DecisionTreeClassifier-p1-tr(8)-sw(3)-lw(42)-fa(0.5)-max(20000),DecisionTreeClassifier,0.5939446587982288,112340.17612282012,1,8,3,42,0.5,20000
DecisionTreeClassifier-p1-tr(8)-sw(3)-lw(42)-fa(0.5)-max(30000),DecisionTreeClassifier,0.5917805844800971,117979.94767468095,1,8,3,42,0.5,30000
DecisionTreeClassifier-p1-tr(8)-sw(3)-lw(42)-fa(0.5)-max(100000),DecisionTreeClassifier,0.5030321963389195,143531.7986461333,1,8,3,42,0.5,100000
DecisionTreeClassifier-p1-tr(8)-sw(3)-lw(42)-fa(0.8)-max(20000),DecisionTreeClassifier,0.4452948665650803,101380.32018517407,1,8,3,42,0.8,20000
DecisionTreeClassifier-p1-tr(8)-sw(3)-lw(42)-fa(0.8)-max(30000),DecisionTreeClassifier,0.370294712866585,109904.26194744682,1,8,3,42,0.8,30000
DecisionTreeClassifier-p1-tr(8)-sw(3)-lw(42)-fa(0.8)-max(100000),DecisionTreeClassifier,0.43430297797387585,137415.44584233058,1,8,3,42,0.8,100000
DecisionTreeClassifier-p1-tr(8)-sw(3)-lw(42)-fa(1)-max(20000),DecisionTreeClassifier,0.4605821755616353,107052.14731507351,1,8,3,42,1.0,20000
DecisionTreeClassifier-p1-tr(8)-sw(3)-lw(42)-fa(1)-max(30000),DecisionTreeClassifier,0.38104948963826035,108028.74804650788,1,8,3,42,1.0,30000
DecisionTreeClassifier-p1-tr(8)-sw(3)-lw(42)-fa(1)-max(100000),DecisionTreeClassifier,0.47960296544150927,152583.19192597584,1,8,3,42,1.0,100000
DecisionTreeClassifier-p1-tr(8)-sw(3)-lw(42)-fa(2)-max(20000),DecisionTreeClassifier,-0.7202409953511877,98071.39058981501,1,8,3,42,2.0,20000
DecisionTreeClassifier-p1-tr(8)-sw(3)-lw(42)-fa(2)-max(30000),DecisionTreeClassifier,-0.649224605067074,99413.635427844,1,8,3,42,2.0,30000
DecisionTreeClassifier-p1-tr(8)-sw(3)-lw(42)-fa(2)-max(100000),DecisionTreeClassifier,-0.5223368434912945,96465.8481024839,1,8,3,42,2.0,100000
DecisionTreeClassifier-p1-tr(8)-sw(3)-lw(42)-fa(3)-max(20000),DecisionTreeClassifier,-1.0006820714668896,100380.23054925477,1,8,3,42,3.0,20000
DecisionTreeClassifier-p1-tr(8)-sw(3)-lw(42)-fa(3)-max(30000),DecisionTreeClassifier,-0.978305177879335,106090.39738153294,1,8,3,42,3.0,30000
DecisionTreeClassifier-p1-tr(8)-sw(3)-lw(42)-fa(3)-max(100000),DecisionTreeClassifier,-0.8872678131173697,98547.3265211638,1,8,3,42,3.0,100000
DecisionTreeClassifier-p1-tr(8)-sw(3)-lw(60)-fa(0.1)-max(20000),DecisionTreeClassifier,0.3820202881555157,94187.85175642831,1,8,3,60,0.1,20000
DecisionTreeClassifier-p1-tr(8)-sw(3)-lw(60)-fa(0.1)-max(30000),DecisionTreeClassifier,0.37421911233164795,103673.49863347053,1,8,3,60,0.1,30000
DecisionTreeClassifier-p1-tr(8)-sw(3)-lw(60)-fa(0.1)-max(100000),DecisionTreeClassifier,0.41246068388662205,163376.24814928183,1,8,3,60,0.1,100000
DecisionTreeClassifier-p1-tr(8)-sw(3)-lw(60)-fa(0.25)-max(20000),DecisionTreeClassifier,0.6728330213772244,104252.29945645077,1,8,3,60,0.25,20000
DecisionTreeClassifier-p1-tr(8)-sw(3)-lw(60)-fa(0.25)-max(30000),DecisionTreeClassifier,0.6989232314232862,117359.40827285673,1,8,3,60,0.25,30000
DecisionTreeClassifier-p1-tr(8)-sw(3)-lw(60)-fa(0.25)-max(100000),DecisionTreeClassifier,0.5743845729279909,155011.8889618119,1,8,3,60,0.25,100000
DecisionTreeClassifier-p1-tr(8)-sw(3)-lw(60)-fa(0.5)-max(20000),DecisionTreeClassifier,0.5284276814695853,107021.0254915796,1,8,3,60,0.5,20000
DecisionTreeClassifier-p1-tr(8)-sw(3)-lw(60)-fa(0.5)-max(30000),DecisionTreeClassifier,0.4356288699323958,104806.6879827492,1,8,3,60,0.5,30000
DecisionTreeClassifier-p1-tr(8)-sw(3)-lw(60)-fa(0.5)-max(100000),DecisionTreeClassifier,0.5708346254086272,157261.94860517583,1,8,3,60,0.5,100000
DecisionTreeClassifier-p1-tr(8)-sw(3)-lw(60)-fa(0.8)-max(20000),DecisionTreeClassifier,0.28727744965011226,104202.87972769169,1,8,3,60,0.8,20000
DecisionTreeClassifier-p1-tr(8)-sw(3)-lw(60)-fa(0.8)-max(30000),DecisionTreeClassifier,0.35399544263996385,110351.33506387477,1,8,3,60,0.8,30000
DecisionTreeClassifier-p1-tr(8)-sw(3)-lw(60)-fa(0.8)-max(100000),DecisionTreeClassifier,0.3946418090392798,138459.51460124739,1,8,3,60,0.8,100000
DecisionTreeClassifier-p1-tr(8)-sw(3)-lw(60)-fa(1)-max(20000),DecisionTreeClassifier,0.22478171988369766,106184.18836513077,1,8,3,60,1.0,20000
DecisionTreeClassifier-p1-tr(8)-sw(3)-lw(60)-fa(1)-max(30000),DecisionTreeClassifier,0.19002660987805964,107032.78291564249,1,8,3,60,1.0,30000
DecisionTreeClassifier-p1-tr(8)-sw(3)-lw(60)-fa(1)-max(100000),DecisionTreeClassifier,0.19813201506754186,124855.8085874928,1,8,3,60,1.0,100000
DecisionTreeClassifier-p1-tr(8)-sw(3)-lw(60)-fa(2)-max(20000),DecisionTreeClassifier,-0.584037436879596,100693.18285842906,1,8,3,60,2.0,20000
DecisionTreeClassifier-p1-tr(8)-sw(3)-lw(60)-fa(2)-max(30000),DecisionTreeClassifier,-0.6497642729593602,101360.73665963655,1,8,3,60,2.0,30000
DecisionTreeClassifier-p1-tr(8)-sw(3)-lw(60)-fa(2)-max(100000),DecisionTreeClassifier,-0.6105322089384353,102906.86551748669,1,8,3,60,2.0,100000
DecisionTreeClassifier-p1-tr(8)-sw(3)-lw(60)-fa(3)-max(20000),DecisionTreeClassifier,-0.8175408166111269,100275.72865148274,1,8,3,60,3.0,20000
DecisionTreeClassifier-p1-tr(8)-sw(3)-lw(60)-fa(3)-max(30000),DecisionTreeClassifier,-0.7894104444640533,96597.43199136441,1,8,3,60,3.0,30000
DecisionTreeClassifier-p1-tr(8)-sw(3)-lw(60)-fa(3)-max(100000),DecisionTreeClassifier,-0.8563740341945381,96444.8615676921,1,8,3,60,3.0,100000
DecisionTreeClassifier-p1-tr(8)-sw(3)-lw(180)-fa(0.1)-max(20000),DecisionTreeClassifier,0.5961551063731882,92854.8426317185,1,8,3,180,0.1,20000
DecisionTreeClassifier-p1-tr(8)-sw(3)-lw(180)-fa(0.1)-max(30000),DecisionTreeClassifier,0.5245978868111821,102564.12974755606,1,8,3,180,0.1,30000
DecisionTreeClassifier-p1-tr(8)-sw(3)-lw(180)-fa(0.1)-max(100000),DecisionTreeClassifier,0.5449788022013361,137632.42896301806,1,8,3,180,0.1,100000
DecisionTreeClassifier-p1-tr(8)-sw(3)-lw(180)-fa(0.25)-max(20000),DecisionTreeClassifier,0.6237753684607286,105069.59419088226,1,8,3,180,0.25,20000
DecisionTreeClassifier-p1-tr(8)-sw(3)-lw(180)-fa(0.25)-max(30000),DecisionTreeClassifier,0.5504362828347785,107731.04536163752,1,8,3,180,0.25,30000
DecisionTreeClassifier-p1-tr(8)-sw(3)-lw(180)-fa(0.25)-max(100000),DecisionTreeClassifier,0.5433555814374456,156880.60923599612,1,8,3,180,0.25,100000
DecisionTreeClassifier-p1-tr(8)-sw(3)-lw(180)-fa(0.5)-max(20000),DecisionTreeClassifier,0.51882863276306,104751.60931934824,1,8,3,180,0.5,20000
DecisionTreeClassifier-p1-tr(8)-sw(3)-lw(180)-fa(0.5)-max(30000),DecisionTreeClassifier,0.33743598309979694,105300.34206066203,1,8,3,180,0.5,30000
DecisionTreeClassifier-p1-tr(8)-sw(3)-lw(180)-fa(0.5)-max(100000),DecisionTreeClassifier,0.40412076496938076,133387.46590074632,1,8,3,180,0.5,100000
DecisionTreeClassifier-p1-tr(8)-sw(3)-lw(180)-fa(0.8)-max(20000),DecisionTreeClassifier,0.11955272182929788,105201.66578257797,1,8,3,180,0.8,20000
DecisionTreeClassifier-p1-tr(8)-sw(3)-lw(180)-fa(0.8)-max(30000),DecisionTreeClassifier,0.16209583446171316,110094.2204436032,1,8,3,180,0.8,30000
DecisionTreeClassifier-p1-tr(8)-sw(3)-lw(180)-fa(0.8)-max(100000),DecisionTreeClassifier,0.22002318984513858,131454.6388464931,1,8,3,180,0.8,100000
DecisionTreeClassifier-p1-tr(8)-sw(3)-lw(180)-fa(1)-max(20000),DecisionTreeClassifier,-0.05573350537663768,102569.51825231119,1,8,3,180,1.0,20000
DecisionTreeClassifier-p1-tr(8)-sw(3)-lw(180)-fa(1)-max(30000),DecisionTreeClassifier,0.04573794028770961,100134.33692068151,1,8,3,180,1.0,30000
DecisionTreeClassifier-p1-tr(8)-sw(3)-lw(180)-fa(1)-max(100000),DecisionTreeClassifier,-0.10726791643470657,119361.26849176345,1,8,3,180,1.0,100000
DecisionTreeClassifier-p1-tr(8)-sw(3)-lw(180)-fa(2)-max(20000),DecisionTreeClassifier,-0.737057011127632,100679.51780040411,1,8,3,180,2.0,20000
DecisionTreeClassifier-p1-tr(8)-sw(3)-lw(180)-fa(2)-max(30000),DecisionTreeClassifier,-0.7648113109604262,102391.53916230245,1,8,3,180,2.0,30000
DecisionTreeClassifier-p1-tr(8)-sw(3)-lw(180)-fa(2)-max(100000),DecisionTreeClassifier,-0.8541119865767612,102432.80607858425,1,8,3,180,2.0,100000
DecisionTreeClassifier-p1-tr(8)-sw(3)-lw(180)-fa(3)-max(20000),DecisionTreeClassifier,-0.9487737572909682,100062.58498488978,1,8,3,180,3.0,20000
DecisionTreeClassifier-p1-tr(8)-sw(3)-lw(180)-fa(3)-max(30000),DecisionTreeClassifier,-0.8919932581818697,100521.77785766896,1,8,3,180,3.0,30000
DecisionTreeClassifier-p1-tr(8)-sw(3)-lw(180)-fa(3)-max(100000),DecisionTreeClassifier,-0.9444942297732832,98782.13867304393,1,8,3,180,3.0,100000
DecisionTreeClassifier-p1-tr(8)-sw(3)-lw(252)-fa(0.1)-max(20000),DecisionTreeClassifier,0.3723028875008443,77673.00075764395,1,8,3,252,0.1,20000
DecisionTreeClassifier-p1-tr(8)-sw(3)-lw(252)-fa(0.1)-max(30000),DecisionTreeClassifier,0.4446013198358506,93594.12438108627,1,8,3,252,0.1,30000
DecisionTreeClassifier-p1-tr(8)-sw(3)-lw(252)-fa(0.1)-max(100000),DecisionTreeClassifier,0.46450191010333297,136790.85510689908,1,8,3,252,0.1,100000
DecisionTreeClassifier-p1-tr(8)-sw(3)-lw(252)-fa(0.25)-max(20000),DecisionTreeClassifier,0.5608170348520318,109453.14253659605,1,8,3,252,0.25,20000
DecisionTreeClassifier-p1-tr(8)-sw(3)-lw(252)-fa(0.25)-max(30000),DecisionTreeClassifier,0.5440607398671762,101947.7065354627,1,8,3,252,0.25,30000
DecisionTreeClassifier-p1-tr(8)-sw(3)-lw(252)-fa(0.25)-max(100000),DecisionTreeClassifier,0.5712746538785517,150036.06915819366,1,8,3,252,0.25,100000
DecisionTreeClassifier-p1-tr(8)-sw(3)-lw(252)-fa(0.5)-max(20000),DecisionTreeClassifier,0.5922408734031857,107196.79480228527,1,8,3,252,0.5,20000
DecisionTreeClassifier-p1-tr(8)-sw(3)-lw(252)-fa(0.5)-max(30000),DecisionTreeClassifier,0.27904180122269007,98124.19883372079,1,8,3,252,0.5,30000
DecisionTreeClassifier-p1-tr(8)-sw(3)-lw(252)-fa(0.5)-max(100000),DecisionTreeClassifier,0.47074910476863163,137538.71993594914,1,8,3,252,0.5,100000
DecisionTreeClassifier-p1-tr(8)-sw(3)-lw(252)-fa(0.8)-max(20000),DecisionTreeClassifier,0.2376982270458693,106803.44437025422,1,8,3,252,0.8,20000
DecisionTreeClassifier-p1-tr(8)-sw(3)-lw(252)-fa(0.8)-max(30000),DecisionTreeClassifier,0.1900017598357051,107912.35941534248,1,8,3,252,0.8,30000
DecisionTreeClassifier-p1-tr(8)-sw(3)-lw(252)-fa(0.8)-max(100000),DecisionTreeClassifier,0.14049574586125257,114556.70446834636,1,8,3,252,0.8,100000
DecisionTreeClassifier-p1-tr(8)-sw(3)-lw(252)-fa(1)-max(20000),DecisionTreeClassifier,-0.048328368799814836,99874.56115588876,1,8,3,252,1.0,20000
DecisionTreeClassifier-p1-tr(8)-sw(3)-lw(252)-fa(1)-max(30000),DecisionTreeClassifier,0.138618211759983,108337.36596848306,1,8,3,252,1.0,30000
DecisionTreeClassifier-p1-tr(8)-sw(3)-lw(252)-fa(1)-max(100000),DecisionTreeClassifier,0.1301940191453057,122679.54533164724,1,8,3,252,1.0,100000
DecisionTreeClassifier-p1-tr(8)-sw(3)-lw(252)-fa(2)-max(20000),DecisionTreeClassifier,-0.6293603231786209,101426.28240117437,1,8,3,252,2.0,20000
DecisionTreeClassifier-p1-tr(8)-sw(3)-lw(252)-fa(2)-max(30000),DecisionTreeClassifier,-0.5701350093363868,102708.68242384646,1,8,3,252,2.0,30000
DecisionTreeClassifier-p1-tr(8)-sw(3)-lw(252)-fa(2)-max(100000),DecisionTreeClassifier,-0.6437093121092057,105044.91738909618,1,8,3,252,2.0,100000
DecisionTreeClassifier-p1-tr(8)-sw(3)-lw(252)-fa(3)-max(20000),DecisionTreeClassifier,-0.8868588427939823,100328.62059088305,1,8,3,252,3.0,20000
DecisionTreeClassifier-p1-tr(8)-sw(3)-lw(252)-fa(3)-max(30000),DecisionTreeClassifier,-0.9333437943078458,99784.80918935445,1,8,3,252,3.0,30000
DecisionTreeClassifier-p1-tr(8)-sw(3)-lw(252)-fa(3)-max(100000),DecisionTreeClassifier,-0.915644016647224,100277.76204839368,1,8,3,252,3.0,100000
DecisionTreeClassifier-p1-tr(8)-sw(4)-lw(24)-fa(0.1)-max(20000),DecisionTreeClassifier,0.46821151744705625,100095.40099346885,1,8,4,24,0.1,20000
DecisionTreeClassifier-p1-tr(8)-sw(4)-lw(24)-fa(0.1)-max(30000),DecisionTreeClassifier,0.3915363702451541,103026.83062805244,1,8,4,24,0.1,30000
DecisionTreeClassifier-p1-tr(8)-sw(4)-lw(24)-fa(0.1)-max(100000),DecisionTreeClassifier,0.5299215808905507,155664.08365047854,1,8,4,24,0.1,100000
DecisionTreeClassifier-p1-tr(8)-sw(4)-lw(24)-fa(0.25)-max(20000),DecisionTreeClassifier,0.5659128895105592,104969.2682473872,1,8,4,24,0.25,20000
DecisionTreeClassifier-p1-tr(8)-sw(4)-lw(24)-fa(0.25)-max(30000),DecisionTreeClassifier,0.6556002800856259,115058.06441744437,1,8,4,24,0.25,30000
DecisionTreeClassifier-p1-tr(8)-sw(4)-lw(24)-fa(0.25)-max(100000),DecisionTreeClassifier,0.5836315775644305,155334.02979359607,1,8,4,24,0.25,100000
DecisionTreeClassifier-p1-tr(8)-sw(4)-lw(24)-fa(0.5)-max(20000),DecisionTreeClassifier,0.5488784687847804,105737.60320523416,1,8,4,24,0.5,20000
DecisionTreeClassifier-p1-tr(8)-sw(4)-lw(24)-fa(0.5)-max(30000),DecisionTreeClassifier,0.7032986959143674,126970.77339615577,1,8,4,24,0.5,30000
DecisionTreeClassifier-p1-tr(8)-sw(4)-lw(24)-fa(0.5)-max(100000),DecisionTreeClassifier,0.48423104107962145,150074.6797020809,1,8,4,24,0.5,100000
DecisionTreeClassifier-p1-tr(8)-sw(4)-lw(24)-fa(0.8)-max(20000),DecisionTreeClassifier,0.3867326123877287,110532.93521592888,1,8,4,24,0.8,20000
DecisionTreeClassifier-p1-tr(8)-sw(4)-lw(24)-fa(0.8)-max(30000),DecisionTreeClassifier,0.2585081066534536,111413.27676262583,1,8,4,24,0.8,30000
DecisionTreeClassifier-p1-tr(8)-sw(4)-lw(24)-fa(0.8)-max(100000),DecisionTreeClassifier,0.3190164695404438,119881.71536255121,1,8,4,24,0.8,100000
DecisionTreeClassifier-p1-tr(8)-sw(4)-lw(24)-fa(1)-max(20000),DecisionTreeClassifier,0.43897730931118895,103303.81082981238,1,8,4,24,1.0,20000
DecisionTreeClassifier-p1-tr(8)-sw(4)-lw(24)-fa(1)-max(30000),DecisionTreeClassifier,0.43705939009079153,106684.95646402515,1,8,4,24,1.0,30000
DecisionTreeClassifier-p1-tr(8)-sw(4)-lw(24)-fa(1)-max(100000),DecisionTreeClassifier,0.516477897654654,150328.19686752593,1,8,4,24,1.0,100000
DecisionTreeClassifier-p1-tr(8)-sw(4)-lw(24)-fa(2)-max(20000),DecisionTreeClassifier,-0.31465078193663976,98614.33215897271,1,8,4,24,2.0,20000
DecisionTreeClassifier-p1-tr(8)-sw(4)-lw(24)-fa(2)-max(30000),DecisionTreeClassifier,-0.23158788312609024,98115.69193458659,1,8,4,24,2.0,30000
DecisionTreeClassifier-p1-tr(8)-sw(4)-lw(24)-fa(2)-max(100000),DecisionTreeClassifier,-0.2674582681294604,108208.55338283829,1,8,4,24,2.0,100000
DecisionTreeClassifier-p1-tr(8)-sw(4)-lw(24)-fa(3)-max(20000),DecisionTreeClassifier,-0.7954225820821224,98887.0609744663,1,8,4,24,3.0,20000
DecisionTreeClassifier-p1-tr(8)-sw(4)-lw(24)-fa(3)-max(30000),DecisionTreeClassifier,-0.794262471185627,98470.5689213491,1,8,4,24,3.0,30000
DecisionTreeClassifier-p1-tr(8)-sw(4)-lw(24)-fa(3)-max(100000),DecisionTreeClassifier,-0.7020847791407681,102033.42611632275,1,8,4,24,3.0,100000
DecisionTreeClassifier-p1-tr(8)-sw(4)-lw(42)-fa(0.1)-max(20000),DecisionTreeClassifier,0.37818720833816555,95052.09924400659,1,8,4,42,0.1,20000
DecisionTreeClassifier-p1-tr(8)-sw(4)-lw(42)-fa(0.1)-max(30000),DecisionTreeClassifier,0.34473518881438137,94955.34704928997,1,8,4,42,0.1,30000
DecisionTreeClassifier-p1-tr(8)-sw(4)-lw(42)-fa(0.1)-max(100000),DecisionTreeClassifier,0.4677847951691232,156697.62631363753,1,8,4,42,0.1,100000
DecisionTreeClassifier-p1-tr(8)-sw(4)-lw(42)-fa(0.25)-max(20000),DecisionTreeClassifier,0.5322385594338771,96669.7388984915,1,8,4,42,0.25,20000
DecisionTreeClassifier-p1-tr(8)-sw(4)-lw(42)-fa(0.25)-max(30000),DecisionTreeClassifier,0.6504952344090064,116246.31800744735,1,8,4,42,0.25,30000
DecisionTreeClassifier-p1-tr(8)-sw(4)-lw(42)-fa(0.25)-max(100000),DecisionTreeClassifier,0.4962749194694147,148438.94833478634,1,8,4,42,0.25,100000
DecisionTreeClassifier-p1-tr(8)-sw(4)-lw(42)-fa(0.5)-max(20000),DecisionTreeClassifier,0.5902659846713347,105357.83796896823,1,8,4,42,0.5,20000
DecisionTreeClassifier-p1-tr(8)-sw(4)-lw(42)-fa(0.5)-max(30000),DecisionTreeClassifier,0.45180753822154185,109988.9113253342,1,8,4,42,0.5,30000
DecisionTreeClassifier-p1-tr(8)-sw(4)-lw(42)-fa(0.5)-max(100000),DecisionTreeClassifier,0.6162875628527785,150453.7669201438,1,8,4,42,0.5,100000
DecisionTreeClassifier-p1-tr(8)-sw(4)-lw(42)-fa(0.8)-max(20000),DecisionTreeClassifier,0.4884063187382707,105072.41385807299,1,8,4,42,0.8,20000
DecisionTreeClassifier-p1-tr(8)-sw(4)-lw(42)-fa(0.8)-max(30000),DecisionTreeClassifier,0.4157876023081163,107713.11085045771,1,8,4,42,0.8,30000
DecisionTreeClassifier-p1-tr(8)-sw(4)-lw(42)-fa(0.8)-max(100000),DecisionTreeClassifier,0.468279572831644,158945.19779307203,1,8,4,42,0.8,100000
DecisionTreeClassifier-p1-tr(8)-sw(4)-lw(42)-fa(1)-max(20000),DecisionTreeClassifier,0.41105455240426214,108067.41830808134,1,8,4,42,1.0,20000
DecisionTreeClassifier-p1-tr(8)-sw(4)-lw(42)-fa(1)-max(30000),DecisionTreeClassifier,0.24023442219098357,102989.44152869035,1,8,4,42,1.0,30000
DecisionTreeClassifier-p1-tr(8)-sw(4)-lw(42)-fa(1)-max(100000),DecisionTreeClassifier,0.3702341432016174,138880.51314612865,1,8,4,42,1.0,100000
DecisionTreeClassifier-p1-tr(8)-sw(4)-lw(42)-fa(2)-max(20000),DecisionTreeClassifier,-0.5757356773045905,95592.98551758281,1,8,4,42,2.0,20000
DecisionTreeClassifier-p1-tr(8)-sw(4)-lw(42)-fa(2)-max(30000),DecisionTreeClassifier,-0.664970882693326,104114.60735668716,1,8,4,42,2.0,30000
DecisionTreeClassifier-p1-tr(8)-sw(4)-lw(42)-fa(2)-max(100000),DecisionTreeClassifier,-0.5775572121052082,94622.7951292118,1,8,4,42,2.0,100000
DecisionTreeClassifier-p1-tr(8)-sw(4)-lw(42)-fa(3)-max(20000),DecisionTreeClassifier,-0.8755377966454221,97171.2404604005,1,8,4,42,3.0,20000
DecisionTreeClassifier-p1-tr(8)-sw(4)-lw(42)-fa(3)-max(30000),DecisionTreeClassifier,-0.9611868276978024,99384.5478051406,1,8,4,42,3.0,30000
DecisionTreeClassifier-p1-tr(8)-sw(4)-lw(42)-fa(3)-max(100000),DecisionTreeClassifier,-0.8026536685107377,104278.98532880215,1,8,4,42,3.0,100000
DecisionTreeClassifier-p1-tr(8)-sw(4)-lw(60)-fa(0.1)-max(20000),DecisionTreeClassifier,0.61668854462182,106149.40468954876,1,8,4,60,0.1,20000
DecisionTreeClassifier-p1-tr(8)-sw(4)-lw(60)-fa(0.1)-max(30000),DecisionTreeClassifier,0.6142645435327732,105007.48390361111,1,8,4,60,0.1,30000
DecisionTreeClassifier-p1-tr(8)-sw(4)-lw(60)-fa(0.1)-max(100000),DecisionTreeClassifier,0.3624032745896839,130805.66133291612,1,8,4,60,0.1,100000
DecisionTreeClassifier-p1-tr(8)-sw(4)-lw(60)-fa(0.25)-max(20000),DecisionTreeClassifier,0.6772254428090969,99592.48198448442,1,8,4,60,0.25,20000
DecisionTreeClassifier-p1-tr(8)-sw(4)-lw(60)-fa(0.25)-max(30000),DecisionTreeClassifier,0.7284333168364927,125916.58063450386,1,8,4,60,0.25,30000
DecisionTreeClassifier-p1-tr(8)-sw(4)-lw(60)-fa(0.25)-max(100000),DecisionTreeClassifier,0.6564046334973617,168969.7479878,1,8,4,60,0.25,100000
DecisionTreeClassifier-p1-tr(8)-sw(4)-lw(60)-fa(0.5)-max(20000),DecisionTreeClassifier,0.49074145455188944,106664.8584453887,1,8,4,60,0.5,20000
DecisionTreeClassifier-p1-tr(8)-sw(4)-lw(60)-fa(0.5)-max(30000),DecisionTreeClassifier,0.5455713799576849,116789.29792318628,1,8,4,60,0.5,30000
DecisionTreeClassifier-p1-tr(8)-sw(4)-lw(60)-fa(0.5)-max(100000),DecisionTreeClassifier,0.6322404529748485,177485.8121594997,1,8,4,60,0.5,100000
DecisionTreeClassifier-p1-tr(8)-sw(4)-lw(60)-fa(0.8)-max(20000),DecisionTreeClassifier,0.3142792256838888,107547.32788194815,1,8,4,60,0.8,20000
DecisionTreeClassifier-p1-tr(8)-sw(4)-lw(60)-fa(0.8)-max(30000),DecisionTreeClassifier,0.41327189742202797,112331.31911287323,1,8,4,60,0.8,30000
DecisionTreeClassifier-p1-tr(8)-sw(4)-lw(60)-fa(0.8)-max(100000),DecisionTreeClassifier,0.34655607666023125,127684.94968335173,1,8,4,60,0.8,100000
DecisionTreeClassifier-p1-tr(8)-sw(4)-lw(60)-fa(1)-max(20000),DecisionTreeClassifier,0.3146528239373214,105657.48723351458,1,8,4,60,1.0,20000
DecisionTreeClassifier-p1-tr(8)-sw(4)-lw(60)-fa(1)-max(30000),DecisionTreeClassifier,0.22270301472792342,110442.40463905697,1,8,4,60,1.0,30000
DecisionTreeClassifier-p1-tr(8)-sw(4)-lw(60)-fa(1)-max(100000),DecisionTreeClassifier,0.1985538270692434,126211.89836864124,1,8,4,60,1.0,100000
DecisionTreeClassifier-p1-tr(8)-sw(4)-lw(60)-fa(2)-max(20000),DecisionTreeClassifier,-0.5663544762998574,101827.9430701977,1,8,4,60,2.0,20000
DecisionTreeClassifier-p1-tr(8)-sw(4)-lw(60)-fa(2)-max(30000),DecisionTreeClassifier,-0.5174712875177112,99702.59881224527,1,8,4,60,2.0,30000
DecisionTreeClassifier-p1-tr(8)-sw(4)-lw(60)-fa(2)-max(100000),DecisionTreeClassifier,-0.6429176672974966,101355.84266843327,1,8,4,60,2.0,100000
DecisionTreeClassifier-p1-tr(8)-sw(4)-lw(60)-fa(3)-max(20000),DecisionTreeClassifier,-0.7487274999295368,99197.54172442533,1,8,4,60,3.0,20000
DecisionTreeClassifier-p1-tr(8)-sw(4)-lw(60)-fa(3)-max(30000),DecisionTreeClassifier,-0.8003227854135244,100092.0029847368,1,8,4,60,3.0,30000
DecisionTreeClassifier-p1-tr(8)-sw(4)-lw(60)-fa(3)-max(100000),DecisionTreeClassifier,-0.7152887072422185,101291.48457170438,1,8,4,60,3.0,100000
DecisionTreeClassifier-p1-tr(8)-sw(4)-lw(180)-fa(0.1)-max(20000),DecisionTreeClassifier,0.5332179889004258,100237.16155210533,1,8,4,180,0.1,20000
DecisionTreeClassifier-p1-tr(8)-sw(4)-lw(180)-fa(0.1)-max(30000),DecisionTreeClassifier,0.4756174815528388,91417.9964641569,1,8,4,180,0.1,30000
DecisionTreeClassifier-p1-tr(8)-sw(4)-lw(180)-fa(0.1)-max(100000),DecisionTreeClassifier,0.6121187067508419,170235.86255983904,1,8,4,180,0.1,100000
DecisionTreeClassifier-p1-tr(8)-sw(4)-lw(180)-fa(0.25)-max(20000),DecisionTreeClassifier,0.40098479092910666,103585.24900401,1,8,4,180,0.25,20000
DecisionTreeClassifier-p1-tr(8)-sw(4)-lw(180)-fa(0.25)-max(30000),DecisionTreeClassifier,0.4660937988886906,111873.46232280805,1,8,4,180,0.25,30000
DecisionTreeClassifier-p1-tr(8)-sw(4)-lw(180)-fa(0.25)-max(100000),DecisionTreeClassifier,0.569650942014107,154108.32798449817,1,8,4,180,0.25,100000
DecisionTreeClassifier-p1-tr(8)-sw(4)-lw(180)-fa(0.5)-max(20000),DecisionTreeClassifier,0.4014700122794401,106225.98815497418,1,8,4,180,0.5,20000
DecisionTreeClassifier-p1-tr(8)-sw(4)-lw(180)-fa(0.5)-max(30000),DecisionTreeClassifier,0.3191043066933361,106173.6033726291,1,8,4,180,0.5,30000
DecisionTreeClassifier-p1-tr(8)-sw(4)-lw(180)-fa(0.5)-max(100000),DecisionTreeClassifier,0.3618226124865468,132105.4703084401,1,8,4,180,0.5,100000
DecisionTreeClassifier-p1-tr(8)-sw(4)-lw(180)-fa(0.8)-max(20000),DecisionTreeClassifier,0.13656837769033148,104949.9566683752,1,8,4,180,0.8,20000
DecisionTreeClassifier-p1-tr(8)-sw(4)-lw(180)-fa(0.8)-max(30000),DecisionTreeClassifier,0.12193229753446833,108223.39638920521,1,8,4,180,0.8,30000
DecisionTreeClassifier-p1-tr(8)-sw(4)-lw(180)-fa(0.8)-max(100000),DecisionTreeClassifier,0.14192113889569002,126194.82452149603,1,8,4,180,0.8,100000
DecisionTreeClassifier-p1-tr(8)-sw(4)-lw(180)-fa(1)-max(20000),DecisionTreeClassifier,0.10434208987480931,108669.30488724276,1,8,4,180,1.0,20000
DecisionTreeClassifier-p1-tr(8)-sw(4)-lw(180)-fa(1)-max(30000),DecisionTreeClassifier,-0.11820838114589716,107363.18784677799,1,8,4,180,1.0,30000
DecisionTreeClassifier-p1-tr(8)-sw(4)-lw(180)-fa(1)-max(100000),DecisionTreeClassifier,0.06581046947125191,115964.3352164627,1,8,4,180,1.0,100000
DecisionTreeClassifier-p1-tr(8)-sw(4)-lw(180)-fa(2)-max(20000),DecisionTreeClassifier,-0.7930074471390478,100005.43337741809,1,8,4,180,2.0,20000
DecisionTreeClassifier-p1-tr(8)-sw(4)-lw(180)-fa(2)-max(30000),DecisionTreeClassifier,-0.6619797683558872,100548.45638229582,1,8,4,180,2.0,30000
DecisionTreeClassifier-p1-tr(8)-sw(4)-lw(180)-fa(2)-max(100000),DecisionTreeClassifier,-0.7594174336912818,105320.94425749539,1,8,4,180,2.0,100000
DecisionTreeClassifier-p1-tr(8)-sw(4)-lw(180)-fa(3)-max(20000),DecisionTreeClassifier,-0.8890607771146108,99653.39393438553,1,8,4,180,3.0,20000
DecisionTreeClassifier-p1-tr(8)-sw(4)-lw(180)-fa(3)-max(30000),DecisionTreeClassifier,-0.7901414114008674,98540.8173738064,1,8,4,180,3.0,30000
DecisionTreeClassifier-p1-tr(8)-sw(4)-lw(180)-fa(3)-max(100000),DecisionTreeClassifier,-0.9429106154198872,98726.99622527236,1,8,4,180,3.0,100000
DecisionTreeClassifier-p1-tr(8)-sw(4)-lw(252)-fa(0.1)-max(20000),DecisionTreeClassifier,0.5532732233436064,95337.05100245615,1,8,4,252,0.1,20000
DecisionTreeClassifier-p1-tr(8)-sw(4)-lw(252)-fa(0.1)-max(30000),DecisionTreeClassifier,0.5827516826844014,107778.72601527444,1,8,4,252,0.1,30000
DecisionTreeClassifier-p1-tr(8)-sw(4)-lw(252)-fa(0.1)-max(100000),DecisionTreeClassifier,0.5620020628920754,159200.1392352326,1,8,4,252,0.1,100000
DecisionTreeClassifier-p1-tr(8)-sw(4)-lw(252)-fa(0.25)-max(20000),DecisionTreeClassifier,0.6555970550915691,104371.08974588878,1,8,4,252,0.25,20000
DecisionTreeClassifier-p1-tr(8)-sw(4)-lw(252)-fa(0.25)-max(30000),DecisionTreeClassifier,0.48767347773270997,90295.42402197109,1,8,4,252,0.25,30000
DecisionTreeClassifier-p1-tr(8)-sw(4)-lw(252)-fa(0.25)-max(100000),DecisionTreeClassifier,0.43747494088136374,108731.96332556102,1,8,4,252,0.25,100000
DecisionTreeClassifier-p1-tr(8)-sw(4)-lw(252)-fa(0.5)-max(20000),DecisionTreeClassifier,0.21656231196865916,91897.92438173728,1,8,4,252,0.5,20000
DecisionTreeClassifier-p1-tr(8)-sw(4)-lw(252)-fa(0.5)-max(30000),DecisionTreeClassifier,0.6015710690540111,111597.0131262261,1,8,4,252,0.5,30000
DecisionTreeClassifier-p1-tr(8)-sw(4)-lw(252)-fa(0.5)-max(100000),DecisionTreeClassifier,0.39925382920879104,132187.15620520216,1,8,4,252,0.5,100000
DecisionTreeClassifier-p1-tr(8)-sw(4)-lw(252)-fa(0.8)-max(20000),DecisionTreeClassifier,0.05509743589727556,100927.91751086932,1,8,4,252,0.8,20000
DecisionTreeClassifier-p1-tr(8)-sw(4)-lw(252)-fa(0.8)-max(30000),DecisionTreeClassifier,0.14479989792225711,106417.81516105359,1,8,4,252,0.8,30000
DecisionTreeClassifier-p1-tr(8)-sw(4)-lw(252)-fa(0.8)-max(100000),DecisionTreeClassifier,0.3129955752788083,128203.1329043626,1,8,4,252,0.8,100000
DecisionTreeClassifier-p1-tr(8)-sw(4)-lw(252)-fa(1)-max(20000),DecisionTreeClassifier,0.08785180681749294,100940.17912092492,1,8,4,252,1.0,20000
DecisionTreeClassifier-p1-tr(8)-sw(4)-lw(252)-fa(1)-max(30000),DecisionTreeClassifier,-0.08908412289238132,101837.6788290386,1,8,4,252,1.0,30000
DecisionTreeClassifier-p1-tr(8)-sw(4)-lw(252)-fa(1)-max(100000),DecisionTreeClassifier,-0.005990750213235918,110892.12411888692,1,8,4,252,1.0,100000
DecisionTreeClassifier-p1-tr(8)-sw(4)-lw(252)-fa(2)-max(20000),DecisionTreeClassifier,-0.6529469628014337,104100.17852672699,1,8,4,252,2.0,20000
DecisionTreeClassifier-p1-tr(8)-sw(4)-lw(252)-fa(2)-max(30000),DecisionTreeClassifier,-0.8620139243795397,103726.00568758296,1,8,4,252,2.0,30000
DecisionTreeClassifier-p1-tr(8)-sw(4)-lw(252)-fa(2)-max(100000),DecisionTreeClassifier,-0.8309505628964342,107851.42281492533,1,8,4,252,2.0,100000
DecisionTreeClassifier-p1-tr(8)-sw(4)-lw(252)-fa(3)-max(20000),DecisionTreeClassifier,-0.9466586932590488,102596.80502542524,1,8,4,252,3.0,20000
DecisionTreeClassifier-p1-tr(8)-sw(4)-lw(252)-fa(3)-max(30000),DecisionTreeClassifier,-0.8337174996379195,102687.58990711032,1,8,4,252,3.0,30000
DecisionTreeClassifier-p1-tr(8)-sw(4)-lw(252)-fa(3)-max(100000),DecisionTreeClassifier,-0.930678178657435,98088.9176151623,1,8,4,252,3.0,100000
DecisionTreeClassifier-p1-tr(8)-sw(6)-lw(24)-fa(0.1)-max(20000),DecisionTreeClassifier,0.40530610958415136,98116.37802337983,1,8,6,24,0.1,20000
DecisionTreeClassifier-p1-tr(8)-sw(6)-lw(24)-fa(0.1)-max(30000),DecisionTreeClassifier,0.3571719826505033,107691.28487274188,1,8,6,24,0.1,30000
DecisionTreeClassifier-p1-tr(8)-sw(6)-lw(24)-fa(0.1)-max(100000),DecisionTreeClassifier,0.4290462443572013,179686.5684472734,1,8,6,24,0.1,100000
DecisionTreeClassifier-p1-tr(8)-sw(6)-lw(24)-fa(0.25)-max(20000),DecisionTreeClassifier,0.5283986886126826,107205.49790298351,1,8,6,24,0.25,20000
DecisionTreeClassifier-p1-tr(8)-sw(6)-lw(24)-fa(0.25)-max(30000),DecisionTreeClassifier,0.627090641621846,103851.30394874875,1,8,6,24,0.25,30000
DecisionTreeClassifier-p1-tr(8)-sw(6)-lw(24)-fa(0.25)-max(100000),DecisionTreeClassifier,0.4888325015320357,154609.37795508048,1,8,6,24,0.25,100000
DecisionTreeClassifier-p1-tr(8)-sw(6)-lw(24)-fa(0.5)-max(20000),DecisionTreeClassifier,0.5839085312969503,113827.34009755569,1,8,6,24,0.5,20000
DecisionTreeClassifier-p1-tr(8)-sw(6)-lw(24)-fa(0.5)-max(30000),DecisionTreeClassifier,0.5763637123857849,123120.13952862844,1,8,6,24,0.5,30000
DecisionTreeClassifier-p1-tr(8)-sw(6)-lw(24)-fa(0.5)-max(100000),DecisionTreeClassifier,0.4692899737409032,154656.0127843494,1,8,6,24,0.5,100000
DecisionTreeClassifier-p1-tr(8)-sw(6)-lw(24)-fa(0.8)-max(20000),DecisionTreeClassifier,0.5341870010519414,109642.10539332866,1,8,6,24,0.8,20000
DecisionTreeClassifier-p1-tr(8)-sw(6)-lw(24)-fa(0.8)-max(30000),DecisionTreeClassifier,0.5014155887310934,116607.88429265961,1,8,6,24,0.8,30000
DecisionTreeClassifier-p1-tr(8)-sw(6)-lw(24)-fa(0.8)-max(100000),DecisionTreeClassifier,0.4531694089214394,154158.36379298562,1,8,6,24,0.8,100000
DecisionTreeClassifier-p1-tr(8)-sw(6)-lw(24)-fa(1)-max(20000),DecisionTreeClassifier,0.2678126323857213,104140.19679509352,1,8,6,24,1.0,20000
DecisionTreeClassifier-p1-tr(8)-sw(6)-lw(24)-fa(1)-max(30000),DecisionTreeClassifier,0.40932040229033184,113261.73947536065,1,8,6,24,1.0,30000
DecisionTreeClassifier-p1-tr(8)-sw(6)-lw(24)-fa(1)-max(100000),DecisionTreeClassifier,0.5202980627825234,164592.640939439,1,8,6,24,1.0,100000
DecisionTreeClassifier-p1-tr(8)-sw(6)-lw(24)-fa(2)-max(20000),DecisionTreeClassifier,-0.29188019297896384,99273.24275146231,1,8,6,24,2.0,20000
DecisionTreeClassifier-p1-tr(8)-sw(6)-lw(24)-fa(2)-max(30000),DecisionTreeClassifier,-0.2686768086204179,104235.92056087077,1,8,6,24,2.0,30000
DecisionTreeClassifier-p1-tr(8)-sw(6)-lw(24)-fa(2)-max(100000),DecisionTreeClassifier,-0.16571087572185395,111089.84126962551,1,8,6,24,2.0,100000
DecisionTreeClassifier-p1-tr(8)-sw(6)-lw(24)-fa(3)-max(20000),DecisionTreeClassifier,-0.7903717394729535,101287.33173571617,1,8,6,24,3.0,20000
DecisionTreeClassifier-p1-tr(8)-sw(6)-lw(24)-fa(3)-max(30000),DecisionTreeClassifier,-0.8124055101766141,98739.61414414589,1,8,6,24,3.0,30000
DecisionTreeClassifier-p1-tr(8)-sw(6)-lw(24)-fa(3)-max(100000),DecisionTreeClassifier,-0.7901019374480245,96971.94865353657,1,8,6,24,3.0,100000
DecisionTreeClassifier-p1-tr(8)-sw(6)-lw(42)-fa(0.1)-max(20000),DecisionTreeClassifier,0.4603721443974047,100683.10478698101,1,8,6,42,0.1,20000
DecisionTreeClassifier-p1-tr(8)-sw(6)-lw(42)-fa(0.1)-max(30000),DecisionTreeClassifier,0.40522125157990296,94485.68215913847,1,8,6,42,0.1,30000
DecisionTreeClassifier-p1-tr(8)-sw(6)-lw(42)-fa(0.1)-max(100000),DecisionTreeClassifier,0.42024566287179665,125732.46686921519,1,8,6,42,0.1,100000
DecisionTreeClassifier-p1-tr(8)-sw(6)-lw(42)-fa(0.25)-max(20000),DecisionTreeClassifier,0.6119145819355969,102560.49127716302,1,8,6,42,0.25,20000
DecisionTreeClassifier-p1-tr(8)-sw(6)-lw(42)-fa(0.25)-max(30000),DecisionTreeClassifier,0.6065289446155834,107954.37651932988,1,8,6,42,0.25,30000
DecisionTreeClassifier-p1-tr(8)-sw(6)-lw(42)-fa(0.25)-max(100000),DecisionTreeClassifier,0.7099914034810736,187484.55022670736,1,8,6,42,0.25,100000
DecisionTreeClassifier-p1-tr(8)-sw(6)-lw(42)-fa(0.5)-max(20000),DecisionTreeClassifier,0.5639643737812647,111802.12444316482,1,8,6,42,0.5,20000
DecisionTreeClassifier-p1-tr(8)-sw(6)-lw(42)-fa(0.5)-max(30000),DecisionTreeClassifier,0.5662811546411113,111616.8489486957,1,8,6,42,0.5,30000
DecisionTreeClassifier-p1-tr(8)-sw(6)-lw(42)-fa(0.5)-max(100000),DecisionTreeClassifier,0.5881609776063839,162951.01393370557,1,8,6,42,0.5,100000
DecisionTreeClassifier-p1-tr(8)-sw(6)-lw(42)-fa(0.8)-max(20000),DecisionTreeClassifier,0.4264160039874558,103841.49711491204,1,8,6,42,0.8,20000
DecisionTreeClassifier-p1-tr(8)-sw(6)-lw(42)-fa(0.8)-max(30000),DecisionTreeClassifier,0.38204943504278965,98069.54105873744,1,8,6,42,0.8,30000
DecisionTreeClassifier-p1-tr(8)-sw(6)-lw(42)-fa(0.8)-max(100000),DecisionTreeClassifier,0.5003711129648928,152951.67165290948,1,8,6,42,0.8,100000
DecisionTreeClassifier-p1-tr(8)-sw(6)-lw(42)-fa(1)-max(20000),DecisionTreeClassifier,0.3981056018394279,106193.59244815118,1,8,6,42,1.0,20000
DecisionTreeClassifier-p1-tr(8)-sw(6)-lw(42)-fa(1)-max(30000),DecisionTreeClassifier,0.36664413093601256,104003.76173715276,1,8,6,42,1.0,30000
DecisionTreeClassifier-p1-tr(8)-sw(6)-lw(42)-fa(1)-max(100000),DecisionTreeClassifier,0.3900544938535424,134614.03872319427,1,8,6,42,1.0,100000
DecisionTreeClassifier-p1-tr(8)-sw(6)-lw(42)-fa(2)-max(20000),DecisionTreeClassifier,-0.578342775133398,98080.3283643209,1,8,6,42,2.0,20000
DecisionTreeClassifier-p1-tr(8)-sw(6)-lw(42)-fa(2)-max(30000),DecisionTreeClassifier,-0.67274064132739,96326.73193280908,1,8,6,42,2.0,30000
DecisionTreeClassifier-p1-tr(8)-sw(6)-lw(42)-fa(2)-max(100000),DecisionTreeClassifier,-0.6219430187456427,95524.81153618488,1,8,6,42,2.0,100000
DecisionTreeClassifier-p1-tr(8)-sw(6)-lw(42)-fa(3)-max(20000),DecisionTreeClassifier,-0.9594371982967718,105101.53607064705,1,8,6,42,3.0,20000
DecisionTreeClassifier-p1-tr(8)-sw(6)-lw(42)-fa(3)-max(30000),DecisionTreeClassifier,-0.729127973181019,103057.2810565498,1,8,6,42,3.0,30000
DecisionTreeClassifier-p1-tr(8)-sw(6)-lw(42)-fa(3)-max(100000),DecisionTreeClassifier,-0.9448492963329251,96188.13584521707,1,8,6,42,3.0,100000
DecisionTreeClassifier-p1-tr(8)-sw(6)-lw(60)-fa(0.1)-max(20000),DecisionTreeClassifier,0.5189359825159046,104133.64648943408,1,8,6,60,0.1,20000
DecisionTreeClassifier-p1-tr(8)-sw(6)-lw(60)-fa(0.1)-max(30000),DecisionTreeClassifier,0.554702818301674,116698.42277053473,1,8,6,60,0.1,30000
DecisionTreeClassifier-p1-tr(8)-sw(6)-lw(60)-fa(0.1)-max(100000),DecisionTreeClassifier,0.4725342159892547,143113.55811023316,1,8,6,60,0.1,100000
DecisionTreeClassifier-p1-tr(8)-sw(6)-lw(60)-fa(0.25)-max(20000),DecisionTreeClassifier,0.6278832085619187,111308.71071063046,1,8,6,60,0.25,20000
DecisionTreeClassifier-p1-tr(8)-sw(6)-lw(60)-fa(0.25)-max(30000),DecisionTreeClassifier,0.5845014511860308,105920.50855999594,1,8,6,60,0.25,30000
DecisionTreeClassifier-p1-tr(8)-sw(6)-lw(60)-fa(0.25)-max(100000),DecisionTreeClassifier,0.5987357930999271,169040.36141357408,1,8,6,60,0.25,100000
DecisionTreeClassifier-p1-tr(8)-sw(6)-lw(60)-fa(0.5)-max(20000),DecisionTreeClassifier,0.45103172179276463,107282.94674933876,1,8,6,60,0.5,20000
DecisionTreeClassifier-p1-tr(8)-sw(6)-lw(60)-fa(0.5)-max(30000),DecisionTreeClassifier,0.6105233617950229,108365.90716574297,1,8,6,60,0.5,30000
DecisionTreeClassifier-p1-tr(8)-sw(6)-lw(60)-fa(0.5)-max(100000),DecisionTreeClassifier,0.5474510991872772,155116.4221988218,1,8,6,60,0.5,100000
DecisionTreeClassifier-p1-tr(8)-sw(6)-lw(60)-fa(0.8)-max(20000),DecisionTreeClassifier,0.35621075849696915,104764.70594181375,1,8,6,60,0.8,20000
DecisionTreeClassifier-p1-tr(8)-sw(6)-lw(60)-fa(0.8)-max(30000),DecisionTreeClassifier,0.5752435942648533,120963.69870087858,1,8,6,60,0.8,30000
DecisionTreeClassifier-p1-tr(8)-sw(6)-lw(60)-fa(0.8)-max(100000),DecisionTreeClassifier,0.5347174664683223,155226.3923403355,1,8,6,60,0.8,100000
DecisionTreeClassifier-p1-tr(8)-sw(6)-lw(60)-fa(1)-max(20000),DecisionTreeClassifier,0.22462376620641045,108404.09236480645,1,8,6,60,1.0,20000
DecisionTreeClassifier-p1-tr(8)-sw(6)-lw(60)-fa(1)-max(30000),DecisionTreeClassifier,0.28647632649989463,110403.04448177341,1,8,6,60,1.0,30000
DecisionTreeClassifier-p1-tr(8)-sw(6)-lw(60)-fa(1)-max(100000),DecisionTreeClassifier,0.397964160885909,141092.58309695922,1,8,6,60,1.0,100000
DecisionTreeClassifier-p1-tr(8)-sw(6)-lw(60)-fa(2)-max(20000),DecisionTreeClassifier,-0.5858634207641389,99107.86850932238,1,8,6,60,2.0,20000
DecisionTreeClassifier-p1-tr(8)-sw(6)-lw(60)-fa(2)-max(30000),DecisionTreeClassifier,-0.5595165528943082,101432.77903070151,1,8,6,60,2.0,30000
DecisionTreeClassifier-p1-tr(8)-sw(6)-lw(60)-fa(2)-max(100000),DecisionTreeClassifier,-0.6111523217137962,97111.4738470211,1,8,6,60,2.0,100000
DecisionTreeClassifier-p1-tr(8)-sw(6)-lw(60)-fa(3)-max(20000),DecisionTreeClassifier,-0.85617473646795,101234.58391471159,1,8,6,60,3.0,20000
DecisionTreeClassifier-p1-tr(8)-sw(6)-lw(60)-fa(3)-max(30000),DecisionTreeClassifier,-0.8382941073097614,100221.87243007003,1,8,6,60,3.0,30000
DecisionTreeClassifier-p1-tr(8)-sw(6)-lw(60)-fa(3)-max(100000),DecisionTreeClassifier,-0.8432747872405932,100707.45077969982,1,8,6,60,3.0,100000
DecisionTreeClassifier-p1-tr(8)-sw(6)-lw(180)-fa(0.1)-max(20000),DecisionTreeClassifier,0.5017071630271072,95016.38197037933,1,8,6,180,0.1,20000
DecisionTreeClassifier-p1-tr(8)-sw(6)-lw(180)-fa(0.1)-max(30000),DecisionTreeClassifier,0.5159021770596044,102169.7630792296,1,8,6,180,0.1,30000
DecisionTreeClassifier-p1-tr(8)-sw(6)-lw(180)-fa(0.1)-max(100000),DecisionTreeClassifier,0.5554504900235726,122412.73353881016,1,8,6,180,0.1,100000
DecisionTreeClassifier-p1-tr(8)-sw(6)-lw(180)-fa(0.25)-max(20000),DecisionTreeClassifier,0.6279136646393509,109425.07050569123,1,8,6,180,0.25,20000
DecisionTreeClassifier-p1-tr(8)-sw(6)-lw(180)-fa(0.25)-max(30000),DecisionTreeClassifier,0.40060092805628666,101896.57336314753,1,8,6,180,0.25,30000
DecisionTreeClassifier-p1-tr(8)-sw(6)-lw(180)-fa(0.25)-max(100000),DecisionTreeClassifier,0.5552387380816738,150186.21522226007,1,8,6,180,0.25,100000
DecisionTreeClassifier-p1-tr(8)-sw(6)-lw(180)-fa(0.5)-max(20000),DecisionTreeClassifier,0.4921239860839597,110769.45857646002,1,8,6,180,0.5,20000
DecisionTreeClassifier-p1-tr(8)-sw(6)-lw(180)-fa(0.5)-max(30000),DecisionTreeClassifier,0.4238772386642875,109080.00796639806,1,8,6,180,0.5,30000
DecisionTreeClassifier-p1-tr(8)-sw(6)-lw(180)-fa(0.5)-max(100000),DecisionTreeClassifier,0.3250307061816391,144856.7409929105,1,8,6,180,0.5,100000
DecisionTreeClassifier-p1-tr(8)-sw(6)-lw(180)-fa(0.8)-max(20000),DecisionTreeClassifier,0.04754306569720024,104214.28682353647,1,8,6,180,0.8,20000
DecisionTreeClassifier-p1-tr(8)-sw(6)-lw(180)-fa(0.8)-max(30000),DecisionTreeClassifier,0.01778287894822239,106311.46908063345,1,8,6,180,0.8,30000
DecisionTreeClassifier-p1-tr(8)-sw(6)-lw(180)-fa(0.8)-max(100000),DecisionTreeClassifier,0.1853432573521171,132415.24476734802,1,8,6,180,0.8,100000
DecisionTreeClassifier-p1-tr(8)-sw(6)-lw(180)-fa(1)-max(20000),DecisionTreeClassifier,0.03332587501125672,101700.47179650435,1,8,6,180,1.0,20000
DecisionTreeClassifier-p1-tr(8)-sw(6)-lw(180)-fa(1)-max(30000),DecisionTreeClassifier,0.041620595574167085,104321.66894106587,1,8,6,180,1.0,30000
DecisionTreeClassifier-p1-tr(8)-sw(6)-lw(180)-fa(1)-max(100000),DecisionTreeClassifier,0.0923474387765727,122303.41081925621,1,8,6,180,1.0,100000
DecisionTreeClassifier-p1-tr(8)-sw(6)-lw(180)-fa(2)-max(20000),DecisionTreeClassifier,-0.8771046219791676,98868.53326000388,1,8,6,180,2.0,20000
DecisionTreeClassifier-p1-tr(8)-sw(6)-lw(180)-fa(2)-max(30000),DecisionTreeClassifier,-0.876217239548013,99750.77483291615,1,8,6,180,2.0,30000
DecisionTreeClassifier-p1-tr(8)-sw(6)-lw(180)-fa(2)-max(100000),DecisionTreeClassifier,-0.7389378537989484,98081.1347646947,1,8,6,180,2.0,100000
DecisionTreeClassifier-p1-tr(8)-sw(6)-lw(180)-fa(3)-max(20000),DecisionTreeClassifier,-0.8219513549840567,98516.49323998441,1,8,6,180,3.0,20000
DecisionTreeClassifier-p1-tr(8)-sw(6)-lw(180)-fa(3)-max(30000),DecisionTreeClassifier,-0.8920814087395375,99662.38318449137,1,8,6,180,3.0,30000
DecisionTreeClassifier-p1-tr(8)-sw(6)-lw(180)-fa(3)-max(100000),DecisionTreeClassifier,-0.9481110845132767,100295.17737484755,1,8,6,180,3.0,100000
DecisionTreeClassifier-p1-tr(8)-sw(6)-lw(252)-fa(0.1)-max(20000),DecisionTreeClassifier,0.6079391105648361,105317.57706446049,1,8,6,252,0.1,20000
DecisionTreeClassifier-p1-tr(8)-sw(6)-lw(252)-fa(0.1)-max(30000),DecisionTreeClassifier,0.4220801700130554,73012.1495283007,1,8,6,252,0.1,30000
DecisionTreeClassifier-p1-tr(8)-sw(6)-lw(252)-fa(0.1)-max(100000),DecisionTreeClassifier,0.31158025852854077,108137.69166111614,1,8,6,252,0.1,100000
DecisionTreeClassifier-p1-tr(8)-sw(6)-lw(252)-fa(0.25)-max(20000),DecisionTreeClassifier,0.5637451160796993,102025.01681582213,1,8,6,252,0.25,20000
DecisionTreeClassifier-p1-tr(8)-sw(6)-lw(252)-fa(0.25)-max(30000),DecisionTreeClassifier,0.5749335578498724,106994.27790991342,1,8,6,252,0.25,30000
DecisionTreeClassifier-p1-tr(8)-sw(6)-lw(252)-fa(0.25)-max(100000),DecisionTreeClassifier,0.5942634224057886,150446.9777542167,1,8,6,252,0.25,100000
DecisionTreeClassifier-p1-tr(8)-sw(6)-lw(252)-fa(0.5)-max(20000),DecisionTreeClassifier,0.21548066673734878,93522.61765501573,1,8,6,252,0.5,20000
DecisionTreeClassifier-p1-tr(8)-sw(6)-lw(252)-fa(0.5)-max(30000),DecisionTreeClassifier,0.3331739053457977,108171.6531109154,1,8,6,252,0.5,30000
DecisionTreeClassifier-p1-tr(8)-sw(6)-lw(252)-fa(0.5)-max(100000),DecisionTreeClassifier,0.39887623700809705,136301.68481592892,1,8,6,252,0.5,100000
DecisionTreeClassifier-p1-tr(8)-sw(6)-lw(252)-fa(0.8)-max(20000),DecisionTreeClassifier,0.27598547845556654,106497.83165711109,1,8,6,252,0.8,20000
DecisionTreeClassifier-p1-tr(8)-sw(6)-lw(252)-fa(0.8)-max(30000),DecisionTreeClassifier,0.10291548617525414,98073.65486203933,1,8,6,252,0.8,30000
DecisionTreeClassifier-p1-tr(8)-sw(6)-lw(252)-fa(0.8)-max(100000),DecisionTreeClassifier,0.19273369797456075,125682.60332842867,1,8,6,252,0.8,100000
DecisionTreeClassifier-p1-tr(8)-sw(6)-lw(252)-fa(1)-max(20000),DecisionTreeClassifier,0.031746342845895725,104301.75053225282,1,8,6,252,1.0,20000
DecisionTreeClassifier-p1-tr(8)-sw(6)-lw(252)-fa(1)-max(30000),DecisionTreeClassifier,-0.15491774866146346,102729.95007226866,1,8,6,252,1.0,30000
DecisionTreeClassifier-p1-tr(8)-sw(6)-lw(252)-fa(1)-max(100000),DecisionTreeClassifier,-0.24905291306830057,108944.97955197343,1,8,6,252,1.0,100000
DecisionTreeClassifier-p1-tr(8)-sw(6)-lw(252)-fa(2)-max(20000),DecisionTreeClassifier,-0.6302724642189008,102108.47366096912,1,8,6,252,2.0,20000
DecisionTreeClassifier-p1-tr(8)-sw(6)-lw(252)-fa(2)-max(30000),DecisionTreeClassifier,-0.5818914205238426,104136.208108283,1,8,6,252,2.0,30000
DecisionTreeClassifier-p1-tr(8)-sw(6)-lw(252)-fa(2)-max(100000),DecisionTreeClassifier,-0.6028161231546609,102234.3460329767,1,8,6,252,2.0,100000
DecisionTreeClassifier-p1-tr(8)-sw(6)-lw(252)-fa(3)-max(20000),DecisionTreeClassifier,-0.9788421043032622,98437.41897074059,1,8,6,252,3.0,20000
DecisionTreeClassifier-p1-tr(8)-sw(6)-lw(252)-fa(3)-max(30000),DecisionTreeClassifier,-0.929914790771309,102609.36959448598,1,8,6,252,3.0,30000
DecisionTreeClassifier-p1-tr(8)-sw(6)-lw(252)-fa(3)-max(100000),DecisionTreeClassifier,-0.9124034326071193,101599.09858538359,1,8,6,252,3.0,100000
